Title,Variant SKU,Image Src,Status
DJI AIR 3S Intelligent Flight Battery,CP.MA.00000833.01,https://cdn.shopify.com/s/files/1/0571/8340/4192/files/dji_air_3s_intelligent_flight_battery_6.webp?v=1778244012,active
DJI MINI 2/MINI 2SE/MINI 4K PROPELLERS (PAIR),CP.MA.00000329.01,https://cdn.shopify.com/s/files/1/0571/8340/4192/files/CP.MA.00000329.01.webp?v=1778243957,active
DJI RS 5 Gimbal Combo,CP.RN.00000497.01,https://cdn.shopify.com/s/files/1/0571/8340/4192/files/dji-rs5-3164.webp?v=1778139516,active
DJI Osmo Mobile 8,CP.OS.00000492.01,https://cdn.shopify.com/s/files/1/0571/8340/4192/files/osmo_mobile_8_with_phone__4.webp?v=1777969188,active
DJI RS 4 Mini Combo Gimbal Stabiliser,CP.RN.00000443.01,https://cdn.shopify.com/s/files/1/0571/8340/4192/files/rs_4_mini_combo_in_the_box_top_down_1.webp?v=1777038630,active
DJI Mini 5 Pro Fly More Combo Plus with RC 2 Controller,CP.MA.00000895.01,https://cdn.shopify.com/s/files/1/0571/8340/4192/files/dji_mini_5_pro_dji_rc_2_dji_mini_5_pro_fly_more_combo_plus_dji_rc_2_-1.webp?v=1777022680,active
DJI RS 4 Pro,CP.RN.00000345.01,https://cdn.shopify.com/s/files/1/0571/8340/4192/files/hg704_bg70-_45.webp?v=1776669308,active
Extended Warranty: MacBook Neo,N5110,https://cdn.shopify.com/s/files/1/0571/8340/4192/files/ARP073_CoreExtendedWarranty_Mac_Frame6.png?v=1776066057,active
AirPods Max 2 - Purple,MHWP4ZE/A,https://cdn.shopify.com/s/files/1/0571/8340/4192/files/AirPods_Max_2_Purple_PDP_Image_Position_1__en-WW.jpg?v=1774429193,active
AirPods Max 2 - Orange,MHWN4ZE/A,https://cdn.shopify.com/s/files/1/0571/8340/4192/files/AirPods_Max_2_Orange_PDP_Image_Position_1__en-WW.jpg?v=1774429229,active
AirPods Max 2 - Blue,MHWM4ZE/A,https://cdn.shopify.com/s/files/1/0571/8340/4192/files/AirPods_Max_2_Blue_PDP_Image_Position_1__en-WW.jpg?v=1774429251,active
AirPods Max 2 - Starlight,MHWL4ZE/A,https://cdn.shopify.com/s/files/1/0571/8340/4192/files/AirPods_Max_2_Starlight_PDP_Image_Position_1__en-WW.jpg?v=1774429262,active
AirPods Max 2 - Midnight,MHWK4ZE/A,https://cdn.shopify.com/s/files/1/0571/8340/4192/files/AirPods_Max_2_Midnight_PDP_Image_Position_1__en-WW.jpg?v=1774429270,active
Studio Display | Nano-texture glass | Vesa Mount Adapter (stand not included),MFF24SO/A,https://cdn.shopify.com/s/files/1/0571/8340/4192/files/Studio_Display_PDP_Image_Position_1__en-WW.jpg?v=1772782964,active
Studio Display | Nano-texture glass | Tilt-adjustable stand,MFF14SO/A,https://cdn.shopify.com/s/files/1/0571/8340/4192/files/Studio_Display_PDP_Image_Position_1__en-WW.jpg?v=1772782964,active
Studio Display | Nano-texture glass | Tilt & Height-adjustable Stand,MFF04SO/A,https://cdn.shopify.com/s/files/1/0571/8340/4192/files/Studio_Display_PDP_Image_Position_1__en-WW.jpg?v=1772782964,active
Studio Display | Standard glass | Tilt Adjustable Stand,MFEY4SO/A,https://cdn.shopify.com/s/files/1/0571/8340/4192/files/Studio_Display_PDP_Image_Position_1__en-WW.jpg?v=1772782964,active
Studio Display | Standard glass | Tilt & Height-adjustable Stand,MFEW4SO/A,https://cdn.shopify.com/s/files/1/0571/8340/4192/files/Studio_Display_PDP_Image_Position_1__en-WW.jpg?v=1772782964,active
Studio Display XDR | Nano-texture glass | Vesa Mount Adapter (Stand not included),MFEQ4SO/A,https://cdn.shopify.com/s/files/1/0571/8340/4192/files/Studio_Display_XDR_PDP_Image_Position_1__en-WW.jpg?v=1772783093,active
Studio Display XDR | Nano-texture glass | Tilt & Height-adjustable Stand,MFEP4SO/A,https://cdn.shopify.com/s/files/1/0571/8340/4192/files/Studio_Display_XDR_PDP_Image_Position_1__en-WW.jpg?v=1772783093,active
Studio Display XDR | Standard glass | Vesa Mount Adapter (Stand not included),MFEN4SO/A,https://cdn.shopify.com/s/files/1/0571/8340/4192/files/Studio_Display_XDR_PDP_Image_Position_1__en-WW.jpg?v=1772783093,active
Studio Display XDR| Standard glass | Tilt & Height-adjustable Stand,MFEL4SO/A,https://cdn.shopify.com/s/files/1/0571/8340/4192/files/Studio_Display_XDR_PDP_Image_Position_1__en-WW.jpg?v=1772783093,active
13-inch MacBook Neo A18 Pro Chip | 6-core CPU 5-core GPU | 8GB | Touch ID | 512GB - Blush,MHFJ4ZE/A,https://cdn.shopify.com/s/files/1/0571/8340/4192/files/MacBook_13-in_Touch_ID_A18_Pro_Blush_PDP_Image_Position_1__en-WW.jpg?v=1772718918,active
13-inch MacBook Neo A18 Pro Chip | 6-core CPU 5-core GPU | 8GB | 256GB - Blush,MHFH4ZE/A,https://cdn.shopify.com/s/files/1/0571/8340/4192/files/MacBook_13-in_A18_Pro_Blush_PDP_Image_Position_1__en-WW.jpg?v=1772717608,active
13-inch MacBook Neo A18 Pro Chip | 6-core CPU 5-core GPU | 8GB | Touch ID | 512GB - Indigo,MHFG4ZE/A,https://cdn.shopify.com/s/files/1/0571/8340/4192/files/MacBook_13-in_Touch_ID_A18_Pro_Indigo_PDP_Image_Position_1__en-WW.jpg?v=1772717731,active
13-inch MacBook Neo A18 Pro Chip | 6-core CPU 5-core GPU | 8GB | 256GB - Indigo,MHFF4ZE/A,https://cdn.shopify.com/s/files/1/0571/8340/4192/files/MacBook_13-in_A18_Pro_Indigo_PDP_Image_Position_1__en-WW.jpg?v=1772717669,active
13-inch MacBook Neo A18 Pro Chip | 6-core CPU 5-core GPU | 8GB | Touch ID | 512GB - Citrus,MHFE4ZE/A,https://cdn.shopify.com/s/files/1/0571/8340/4192/files/MacBook_13-in_Touch_ID_A18_Pro_Citrus_PDP_Image_Position_1__en-WW.jpg?v=1772717755,active
13-inch MacBook Neo A18 Pro Chip | 6-core CPU 5-core GPU | 8GB | 256GB - Citrus,MHFD4ZE/A,https://cdn.shopify.com/s/files/1/0571/8340/4192/files/MacBook_13-in_A18_Pro_Citrus_PDP_Image_Position_1__en-WW.jpg?v=1772717654,active
13-inch MacBook Neo A18 Pro Chip | 6-core CPU 5-core GPU | 8GB | Touch ID | 512GB - Silver,MHFC4ZE/A,https://cdn.shopify.com/s/files/1/0571/8340/4192/files/MacBook_13-in_Touch_ID_A18_Pro_Silver_PDP_Image_Position_1__en-WW.jpg?v=1772717768,active
13-inch MacBook Neo A18 Pro Chip | 6-core CPU 5-core GPU | 8GB | 256GB - Silver,MHFA4ZE/A,https://cdn.shopify.com/s/files/1/0571/8340/4192/files/MacBook_13-in_A18_Pro_Silver_PDP_Image_Position_1__en-WW.jpg?v=1772717687,active
Studio Display | Standard glass | Tilt-adjustable stand,MFEX4SO/A,https://cdn.shopify.com/s/files/1/0571/8340/4192/files/Studio_Display_PDP_Image_Position_1__en-WW.jpg?v=1772782964,active
iPad Air 11-inch M4 | Wi-Fi + Cellular 512GB Space Grey,MH7H4QA/A,https://cdn.shopify.com/s/files/1/0571/8340/4192/files/iPad_Air_11-in_M4_Wifi_Space_Gray_PDP_Image_Position_1__en-WW.jpg?v=1772627686,active
iPad Air 11-inch M4 | Wi-Fi + Cellular 256GB Space Grey,MH7D4QA/A,https://cdn.shopify.com/s/files/1/0571/8340/4192/files/iPad_Air_11-in_M4_Wifi_Space_Gray_PDP_Image_Position_1__en-WW.jpg?v=1772627686,active
iPad Air 11-inch M4 | Wi-Fi + Cellular 128GB Space Grey,MH784QA/A,https://cdn.shopify.com/s/files/1/0571/8340/4192/files/iPad_Air_11-in_M4_Wifi_Space_Gray_PDP_Image_Position_1__en-WW.jpg?v=1772627686,active
16-inch MacBook Pro M5 Max Chip | 18-core CPU 40-core GPU | 48GB | 2TB  - Space Black,MGEE4ZE/A,https://cdn.shopify.com/s/files/1/0571/8340/4192/files/MacBook_Pro_16-in_M5_Max_Space_Black_PDP_Image_Position_1__en-WW.jpg?v=1772713344,active
16-inch MacBook Pro M5 Max Chip | 18-core CPU 32-core GPU | 36GB | 2TB - Space Black,MGED4ZE/A,https://cdn.shopify.com/s/files/1/0571/8340/4192/files/MacBook_Pro_16-in_M5_Max_Space_Black_PDP_Image_Position_1__en-WW.jpg?v=1772713344,active
16-inch MacBook Pro M5 Pro Chip | 18-core CPU 20-core GPU | 48GB | 1TB - Space Black,MGEC4ZE/A,https://cdn.shopify.com/s/files/1/0571/8340/4192/files/MacBook_Pro_16-in_M5_Pro_Space_Black_PDP_Image_Position_1__en-WW.jpg?v=1772713426,active
16-inch MacBook Pro M5 Pro Chip | 18-core CPU 20-core GPU | 24GB | 1TB - Space Black,MGEA4ZE/A,https://cdn.shopify.com/s/files/1/0571/8340/4192/files/MacBook_Pro_16-in_M5_Pro_Space_Black_PDP_Image_Position_1__en-WW.jpg?v=1772713426,active
16-inch MacBook Pro M5 Max Chip | 18-core CPU 40-core GPU | 48GB | 2TB - Silver,MGE94ZE/A,https://cdn.shopify.com/s/files/1/0571/8340/4192/files/MacBook_Pro_16-in_M5_Max_Silver_PDP_Image_Position_1__en-WW.jpg?v=1772713262,active
14-inch MacBook Pro M5 Pro Chip | 15-core CPU 16-core GPU | 24GB | 1TB - Silver,MGDN4ZE/A,https://cdn.shopify.com/s/files/1/0571/8340/4192/files/MacBook_Pro_14-in_M5_Pro_Silver_PDP_Image_Position_1__en-WW.jpg?v=1772712300,active
15-inch MacBook Air M5 Chip | 10-core CPU 10-core GPU | 24GB | 1TB - Sky Blue,MDVU4ZE/A,https://cdn.shopify.com/s/files/1/0571/8340/4192/files/MacBook_Air_15-in_M5_Sky_Blue_PDP_Image_Position_1__en-WW.jpg?v=1772715422,active
15-inch MacBook Air M5 Chip | 10-core CPU 10-core GPU | 16GB | 1TB - Sky Blue,MDVT4ZE/A,https://cdn.shopify.com/s/files/1/0571/8340/4192/files/MacBook_Air_15-in_M5_Sky_Blue_PDP_Image_Position_1__en-WW.jpg?v=1772715422,active
15-inch MacBook Air M5 Chip | 10-core CPU 10-core GPU | 16GB | 512GB - Sky Blue,MDVQ4ZE/A,https://cdn.shopify.com/s/files/1/0571/8340/4192/files/MacBook_Air_15-in_M5_Sky_Blue_PDP_Image_Position_1__en-WW.jpg?v=1772715422,active
15-inch MacBook Air M5 Chip | 10-core CPU 10-core GPU | 24GB | 1TB - Midnight,MDVN4ZE/A,https://cdn.shopify.com/s/files/1/0571/8340/4192/files/MacBook_Air_15-in_M5_Midnight_PDP_Image_Position_1__en-WW.jpg?v=1772715473,active
15-inch MacBook Air M5 Chip | 10-core CPU 10-core GPU | 16GB | 1TB - Midnight,MDVK4ZE/A,https://cdn.shopify.com/s/files/1/0571/8340/4192/files/MacBook_Air_15-in_M5_Midnight_PDP_Image_Position_1__en-WW.jpg?v=1772715473,active
15-inch MacBook Air M5 Chip | 10-core CPU 10-core GPU | 16GB | 512GB - Midnight,MDVH4ZE/A,https://cdn.shopify.com/s/files/1/0571/8340/4192/files/MacBook_Air_15-in_M5_Midnight_PDP_Image_Position_1__en-WW.jpg?v=1772715473,active
15-inch MacBook Air M5 Chip | 10-core CPU 10-core GPU | 24GB | 1TB - Starlight,MDVF4ZE/A,https://cdn.shopify.com/s/files/1/0571/8340/4192/files/MacBook_Air_13-in_M5_Starlight_PDP_Image_Position_1__en-WW_fd04ddc4-2fbb-4491-9a79-edef61f01245.jpg?v=1772715508,active
15-inch MacBook Air M5 Chip | 10-core CPU 10-core GPU | 16GB | 1TB - Starlight,MDVE4ZE/A,https://cdn.shopify.com/s/files/1/0571/8340/4192/files/MacBook_Air_13-in_M5_Starlight_PDP_Image_Position_1__en-WW_fd04ddc4-2fbb-4491-9a79-edef61f01245.jpg?v=1772715508,active
15-inch MacBook Air M5 Chip | 10-core CPU 10-core GPU | 16GB | 512GB - Starlight,MDVD4ZE/A,https://cdn.shopify.com/s/files/1/0571/8340/4192/files/MacBook_Air_13-in_M5_Starlight_PDP_Image_Position_1__en-WW_fd04ddc4-2fbb-4491-9a79-edef61f01245.jpg?v=1772715508,active
15-inch MacBook Air M5 Chip | 10-core CPU 10-core GPU | 24GB | 1TB - Silver,MDVC4ZE/A,https://cdn.shopify.com/s/files/1/0571/8340/4192/files/MacBook_Air_15-in_M5_Silver_PDP_Image_Position_1__en-WW.jpg?v=1772715452,active
15-inch MacBook Air M5 Chip | 10-core CPU 10-core GPU | 16GB | 1TB - Silver,MDVA4ZE/A,https://cdn.shopify.com/s/files/1/0571/8340/4192/files/MacBook_Air_15-in_M5_Silver_PDP_Image_Position_1__en-WW.jpg?v=1772715452,active
15-inch MacBook Air M5 Chip | 10-core CPU 10-core GPU | 16GB | 512GB - Silver,MDV94ZE/A,https://cdn.shopify.com/s/files/1/0571/8340/4192/files/MacBook_Air_15-in_M5_Silver_PDP_Image_Position_1__en-WW.jpg?v=1772715452,active
13-inch MacBook Air M5 Chip | 10-core CPU 10-core GPU | 24GB | 1TB - Sky Blue,MDHK4ZE/A,https://cdn.shopify.com/s/files/1/0571/8340/4192/files/MacBook_Air_13-in_M5_Sky_Blue_PDP_Image_Position_1__en-WW.jpg?v=1772714795,active
13-inch MacBook Air M5 Chip | 10-core CPU 10-core GPU | 16GB | 1TB - Sky Blue,MDHJ4ZE/A,https://cdn.shopify.com/s/files/1/0571/8340/4192/files/MacBook_Air_13-in_M5_Sky_Blue_PDP_Image_Position_1__en-WW.jpg?v=1772714795,active
13-inch MacBook Air M5 Chip | 10-core CPU 8-core GPU | 16GB | 512GB - Sky Blue,MDHH4ZE/A,https://cdn.shopify.com/s/files/1/0571/8340/4192/files/MacBook_Air_13-in_M5_Sky_Blue_PDP_Image_Position_1__en-WW.jpg?v=1772714795,active
13-inch MacBook Air M5 Chip | 10-core CPU 10-core GPU | 24GB | 1TB - Midnight,MDHG4ZE/A,https://cdn.shopify.com/s/files/1/0571/8340/4192/files/MacBook_Air_13-in_M5_Midnight_PDP_Image_Position_1__en-WW.jpg?v=1772714740,active
13-inch MacBook Air M5 Chip | 10-core CPU 10-core GPU | 16GB | 1TB - Midnight,MDHF4ZE/A,https://cdn.shopify.com/s/files/1/0571/8340/4192/files/MacBook_Air_13-in_M5_Midnight_PDP_Image_Position_1__en-WW.jpg?v=1772714740,active
13-inch MacBook Air M5 Chip | 10-core CPU 8-core GPU | 16GB | 512GB - Midnight,MDHE4ZE/A,https://cdn.shopify.com/s/files/1/0571/8340/4192/files/MacBook_Air_13-in_M5_Midnight_PDP_Image_Position_1__en-WW.jpg?v=1772714740,active
13-inch MacBook Air M5 Chip | 10-core CPU 10-core GPU | 24GB | 1TB - Starlight,MDHD4ZE/A,https://cdn.shopify.com/s/files/1/0571/8340/4192/files/MacBook_Air_13-in_M5_Starlight_PDP_Image_Position_1__en-WW.jpg?v=1772714820,active
13-inch MacBook Air M5 Chip | 10-core CPU 10-core GPU | 16GB | 1TB - Starlight,MDHC4ZE/A,https://cdn.shopify.com/s/files/1/0571/8340/4192/files/MacBook_Air_13-in_M5_Starlight_PDP_Image_Position_1__en-WW.jpg?v=1772714820,active
13-inch MacBook Air M5 Chip | 10-core CPU 8-core GPU | 16GB | 512GB - Starlight,MDHA4ZE/A,https://cdn.shopify.com/s/files/1/0571/8340/4192/files/MacBook_Air_13-in_M5_Starlight_PDP_Image_Position_1__en-WW.jpg?v=1772714820,active
13-inch MacBook Air M5 Chip | 10-core CPU 10-core GPU | 24GB | 1TB - Silver,MDH94ZE/A,https://cdn.shopify.com/s/files/1/0571/8340/4192/files/MacBook_Air_13-in_M5_Silver_PDP_Image_Position_1__en-WW.jpg?v=1772714843,active
13-inch MacBook Air M5 Chip | 10-core CPU 10-core GPU | 16GB | 1TB - Silver,MDH84ZE/A,https://cdn.shopify.com/s/files/1/0571/8340/4192/files/MacBook_Air_13-in_M5_Silver_PDP_Image_Position_1__en-WW.jpg?v=1772714843,active
13-inch MacBook Air M5 Chip | 10-core CPU 8-core GPU | 16GB | 512GB - Silver,MDH74ZE/A,https://cdn.shopify.com/s/files/1/0571/8340/4192/files/MacBook_Air_13-in_M5_Silver_PDP_Image_Position_1__en-WW.jpg?v=1772714843,active
14-inch MacBook Pro M5 Pro Chip | 15-core CPU 16-core GPU | 24GB | 2TB - Space Black,MJLW4ZE/A,https://cdn.shopify.com/s/files/1/0571/8340/4192/files/MacBook_Pro_14-in_M5_Pro_Space_Black_PDP_Image_Position_1__en-WW.jpg?v=1772712468,active
14-inch MacBook Pro M5 Pro Chip | 15-core CPU 16-core GPU | 24GB | 2TB - Silver,MJLV4ZE/A,https://cdn.shopify.com/s/files/1/0571/8340/4192/files/MacBook_Pro_14-in_M5_Pro_Silver_PDP_Image_Position_1__en-WW.jpg?v=1772712300,active
14-inch MacBook Pro M5 Chip | 10-core CPU 10-core GPU | 32GB | 1TB - Silver,MJ3E4ZE/A,https://cdn.shopify.com/s/files/1/0571/8340/4192/files/MacBook_Pro_14-in_M5_Pro_Silver_PDP_Image_Position_1__en-WW.jpg?v=1772712300,active
14-inch MacBook Pro M5 Chip | 10-core CPU 10-core GPU | 32GB | 1TB - Space Black,MJ3D4ZE/A,https://cdn.shopify.com/s/files/1/0571/8340/4192/files/MacBook_Pro_14-in_M5_Pro_Space_Black_PDP_Image_Position_1__en-WW.jpg?v=1772712468,active
iPad Air 13-inch M4 | Wi-Fi + Cellular 1TB Starlight,MH9U4QA/A,https://cdn.shopify.com/s/files/1/0571/8340/4192/files/iPad_Air_13-in_M4_Wifi_Starlight_PDP_Image_Position_1__en-WW.jpg?v=1772628566,active
iPad Air 13-inch M4 | Wi-Fi + Cellular 1TB Blue,MH9T4QA/A,https://cdn.shopify.com/s/files/1/0571/8340/4192/files/iPad_Air_13-in_M4_Wifi_Blue_PDP_Image_Position_1__en-WW.jpg?v=1772628665,active
iPad Air 13-inch M4 | Wi-Fi + Cellular 1TB Space Grey,MH9R4QA/A,https://cdn.shopify.com/s/files/1/0571/8340/4192/files/iPad_Air_13-in_M4_Wifi_Space_Gray_PDP_Image_Position_1__en-WW.jpg?v=1772628719,active
iPad Air 13-inch M4 | Wi-Fi + Cellular 512GB Purple,MH9Q4QA/A,https://cdn.shopify.com/s/files/1/0571/8340/4192/files/iPad_Air_13-in_M4_Wifi_Purple_PDP_Image_Position_1__en-WW.jpg?v=1772628512,active
iPad Air 13-inch M4 | Wi-Fi + Cellular 512GB Starlight,MH9P4QA/A,https://cdn.shopify.com/s/files/1/0571/8340/4192/files/iPad_Air_13-in_M4_Wifi_Starlight_PDP_Image_Position_1__en-WW.jpg?v=1772628566,active
iPad Air 13-inch M4 | Wi-Fi + Cellular 512GB Blue,MH9N4QA/A,https://cdn.shopify.com/s/files/1/0571/8340/4192/files/iPad_Air_13-in_M4_Wifi_Blue_PDP_Image_Position_1__en-WW.jpg?v=1772628665,active
iPad Air 13-inch M4 | Wi-Fi + Cellular 512GB Space Grey,MH9M4QA/A,https://cdn.shopify.com/s/files/1/0571/8340/4192/files/iPad_Air_13-in_M4_Wifi_Space_Gray_PDP_Image_Position_1__en-WW.jpg?v=1772628719,active
iPad Air 13-inch M4 | Wi-Fi + Cellular 256GB Purple,MH9L4QA/A,https://cdn.shopify.com/s/files/1/0571/8340/4192/files/iPad_Air_13-in_M4_Wifi_Purple_PDP_Image_Position_1__en-WW.jpg?v=1772628512,active
iPad Air 13-inch M4 | Wi-Fi + Cellular 256GB Starlight,MH9K4QA/A,https://cdn.shopify.com/s/files/1/0571/8340/4192/files/iPad_Air_13-in_M4_Wifi_Starlight_PDP_Image_Position_1__en-WW.jpg?v=1772628566,active
iPad Air 13-inch M4 | Wi-Fi + Cellular 256GB Blue,MH9J4QA/A,https://cdn.shopify.com/s/files/1/0571/8340/4192/files/iPad_Air_13-in_M4_Wifi_Blue_PDP_Image_Position_1__en-WW.jpg?v=1772628665,active
iPad Air 13-inch M4 | Wi-Fi + Cellular 256GB Space Grey,MH9H4QA/A,https://cdn.shopify.com/s/files/1/0571/8340/4192/files/iPad_Air_13-in_M4_Wifi_Space_Gray_PDP_Image_Position_1__en-WW.jpg?v=1772628719,active
iPad Air 13-inch M4 | Wi-Fi + Cellular 128GB Purple,MH9G4QA/A,https://cdn.shopify.com/s/files/1/0571/8340/4192/files/iPad_Air_13-in_M4_Wifi_Purple_PDP_Image_Position_1__en-WW.jpg?v=1772628512,active
iPad Air 13-inch M4 | Wi-Fi + Cellular 128GB Starlight,MH9F4QA/A,https://cdn.shopify.com/s/files/1/0571/8340/4192/files/iPad_Air_13-in_M4_Wifi_Starlight_PDP_Image_Position_1__en-WW.jpg?v=1772628566,active
iPad Air 13-inch M4 | Wi-Fi + Cellular 128GB Blue,MH9E4QA/A,https://cdn.shopify.com/s/files/1/0571/8340/4192/files/iPad_Air_13-in_M4_Wifi_Blue_PDP_Image_Position_1__en-WW.jpg?v=1772628665,active
iPad Air 13-inch M4 | Wi-Fi + Cellular 128GB Space Grey,MH9D4QA/A,https://cdn.shopify.com/s/files/1/0571/8340/4192/files/iPad_Air_13-in_M4_Wifi_Space_Gray_PDP_Image_Position_1__en-WW.jpg?v=1772628719,active
iPad Air 11-inch M4 | Wi-Fi + Cellular 1TB Purple,MH7Q4QA/A,https://cdn.shopify.com/s/files/1/0571/8340/4192/files/iPad_Air_11-in_M4_Wifi_Purple_PDP_Image_Position_1__en-WW.jpg?v=1772627577,active
iPad Air 11-inch M4 | Wi-Fi + Cellular 1TB Starlight,MH7P4QA/A,https://cdn.shopify.com/s/files/1/0571/8340/4192/files/iPad_Air_11-in_M4_Wifi_Starlight_PDP_Image_Position_1__en-WW.jpg?v=1772627760,active
iPad Air 11-inch M4 | Wi-Fi + Cellular 1TB Blue,MH7N4QA/A,https://cdn.shopify.com/s/files/1/0571/8340/4192/files/iPad_Air_11-in_M4_Wifi_Blue_PDP_Image_Position_1__en-WW_6f8aedf4-f8bd-48ac-8115-b9d219ad2b3f.jpg?v=1772627811,active
iPad Air 11-inch M4 | Wi-Fi + Cellular 512GB Purple,MH7L4QA/A,https://cdn.shopify.com/s/files/1/0571/8340/4192/files/iPad_Air_11-in_M4_Wifi_Purple_PDP_Image_Position_1__en-WW.jpg?v=1772627577,active
iPad Air 11-inch M4 | Wi-Fi + Cellular 512GB Starlight,MH7K4QA/A,https://cdn.shopify.com/s/files/1/0571/8340/4192/files/iPad_Air_11-in_M4_Wifi_Starlight_PDP_Image_Position_1__en-WW.jpg?v=1772627760,active
iPad Air 11-inch M4 | Wi-Fi + Cellular 512GB Blue,MH7J4QA/A,https://cdn.shopify.com/s/files/1/0571/8340/4192/files/iPad_Air_11-in_M4_Wifi_Blue_PDP_Image_Position_1__en-WW_6f8aedf4-f8bd-48ac-8115-b9d219ad2b3f.jpg?v=1772627811,active
iPad Air 11-inch M4 | Wi-Fi + Cellular 256GB Purple,MH7G4QA/A,https://cdn.shopify.com/s/files/1/0571/8340/4192/files/iPad_Air_11-in_M4_Wifi_Purple_PDP_Image_Position_1__en-WW.jpg?v=1772627577,active
iPad Air 11-inch M4 | Wi-Fi + Cellular 256GB Starlight,MH7F4QA/A,https://cdn.shopify.com/s/files/1/0571/8340/4192/files/iPad_Air_11-in_M4_Wifi_Starlight_PDP_Image_Position_1__en-WW.jpg?v=1772627760,active
iPad Air 11-inch M4 | Wi-Fi + Cellular 256GB Blue,MH7E4QA/A,https://cdn.shopify.com/s/files/1/0571/8340/4192/files/iPad_Air_11-in_M4_Wifi_Blue_PDP_Image_Position_1__en-WW_6f8aedf4-f8bd-48ac-8115-b9d219ad2b3f.jpg?v=1772627811,active
iPad Air 11-inch M4 | Wi-Fi + Cellular 128GB Purple,MH7C4QA/A,https://cdn.shopify.com/s/files/1/0571/8340/4192/files/iPad_Air_11-in_M4_Wifi_Purple_PDP_Image_Position_1__en-WW.jpg?v=1772627577,active
16-inch MacBook Pro M5 Max Chip | 18-core CPU 32-core GPU | 36GB | 2TB - Silver,MGE74ZE/A,https://cdn.shopify.com/s/files/1/0571/8340/4192/files/MacBook_Pro_16-in_M5_Max_Silver_PDP_Image_Position_1__en-WW.jpg?v=1772713262,active
16-inch MacBook Pro M5 Pro Chip | 18-core CPU 20-core GPU | 48GB | 1TB - Silver,MGE64ZE/A,https://cdn.shopify.com/s/files/1/0571/8340/4192/files/MacBook_Pro_16-in_M5_Pro_Silver_PDP_Image_Position_1__en-WW.jpg?v=1772713376,active
16-inch MacBook Pro M5 Pro Chip | 18-core CPU 20-core GPU | 24GB | 1TB - Silver,MGE44ZE/A,https://cdn.shopify.com/s/files/1/0571/8340/4192/files/MacBook_Pro_16-in_M5_Pro_Silver_PDP_Image_Position_1__en-WW.jpg?v=1772713376,active
14-inch MacBook Pro M5 Max Chip | 18-core CPU 32-core GPU | 36GB | 2TB - Space Black,MGDU4ZE/A,https://cdn.shopify.com/s/files/1/0571/8340/4192/files/MacBook_Pro_14-in_M5_Max_Space_Black_PDP_Image_Position_1__en-WW.jpg?v=1772712669,active
14-inch MacBook Pro M5 Pro Chip | 18-core CPU 20-core GPU | 24GB | 2TB - Space Black,MGDT4ZE/A,https://cdn.shopify.com/s/files/1/0571/8340/4192/files/MacBook_Pro_14-in_M5_Pro_Space_Black_PDP_Image_Position_1__en-WW.jpg?v=1772712468,active
14-inch MacBook Pro M5 Pro Chip | 15-core CPU 16-core GPU | 24GB | 1TB - Space Black,MGDR4ZE/A,https://cdn.shopify.com/s/files/1/0571/8340/4192/files/MacBook_Pro_14-in_M5_Pro_Space_Black_PDP_Image_Position_1__en-WW.jpg?v=1772712468,active
14-inch MacBook Pro M5 Max Chip | 18-core CPU 32-core GPU | 36GB | 2TB - Silver,MGDQ4ZE/A,https://cdn.shopify.com/s/files/1/0571/8340/4192/files/MacBook_Pro_14-in_M5_Max_Silver_PDP_Image_Position_1__en-WW.jpg?v=1772712389,active
14-inch MacBook Pro M5 Pro Chip | 18-core CPU 20-core GPU | 24GB | 2TB - Silver,MGDP4ZE/A,https://cdn.shopify.com/s/files/1/0571/8340/4192/files/MacBook_Pro_14-in_M5_Pro_Silver_PDP_Image_Position_1__en-WW.jpg?v=1772712300,active
iPad Air 13-inch M4 | Wi-Fi - 1TB Purple,MHDK4QA/A,https://cdn.shopify.com/s/files/1/0571/8340/4192/files/iPad_Air_13-in_M4_Wifi_Purple_PDP_Image_Position_1__en-WW.jpg?v=1772628512,active
iPad Air 11-inch M4 | Wi-Fi + Cellular 1TB Space Grey,MH7M4QA/A,https://cdn.shopify.com/s/files/1/0571/8340/4192/files/iPad_Air_11-in_M4_Wifi_Space_Gray_PDP_Image_Position_1__en-WW.jpg?v=1772627686,active
iPad Air 11-inch M4 | Wi-Fi + Cellular 128GB Starlight,MH7A4QA/A,https://cdn.shopify.com/s/files/1/0571/8340/4192/files/iPad_Air_11-in_M4_Wifi_Starlight_PDP_Image_Position_1__en-WW.jpg?v=1772627760,active
iPad Air 11-inch M4 | Wi-Fi + Cellular 128GB Blue,MH794QA/A,https://cdn.shopify.com/s/files/1/0571/8340/4192/files/iPad_Air_11-in_M4_Wifi_Blue_PDP_Image_Position_1__en-WW_6f8aedf4-f8bd-48ac-8115-b9d219ad2b3f.jpg?v=1772627811,active
iPad Air 13-inch M4 | Wi-Fi - 1TB Starlight,MH654QA/A,https://cdn.shopify.com/s/files/1/0571/8340/4192/files/iPad_Air_13-in_M4_Wifi_Starlight_PDP_Image_Position_1__en-WW.jpg?v=1772628566,active
iPad Air 13-inch M4 | Wi-Fi - 1TB Blue,MH644QA/A,https://cdn.shopify.com/s/files/1/0571/8340/4192/files/iPad_Air_13-in_M4_Wifi_Blue_PDP_Image_Position_1__en-WW.jpg?v=1772628665,active
iPad Air 13-inch M4 | Wi-Fi - 1TB Space Grey,MH634QA/A,https://cdn.shopify.com/s/files/1/0571/8340/4192/files/iPad_Air_13-in_M4_Wifi_Space_Gray_PDP_Image_Position_1__en-WW.jpg?v=1772628719,active
iPad Air 13-inch M4 | Wi-Fi - 512GB Purple,MH624QA/A,https://cdn.shopify.com/s/files/1/0571/8340/4192/files/iPad_Air_13-in_M4_Wifi_Purple_PDP_Image_Position_1__en-WW.jpg?v=1772628512,active
iPad Air 13-inch M4 | Wi-Fi - 512GB Starlight,MH614QA/A,https://cdn.shopify.com/s/files/1/0571/8340/4192/files/iPad_Air_13-in_M4_Wifi_Starlight_PDP_Image_Position_1__en-WW.jpg?v=1772628566,active
iPad Air 13-inch M4 | Wi-Fi - 512GB Blue,MH604QA/A,https://cdn.shopify.com/s/files/1/0571/8340/4192/files/iPad_Air_13-in_M4_Wifi_Blue_PDP_Image_Position_1__en-WW.jpg?v=1772628665,active
iPad Air 13-inch M4 | Wi-Fi - 512GB Space Grey,MH5Y4QA/A,https://cdn.shopify.com/s/files/1/0571/8340/4192/files/iPad_Air_13-in_M4_Wifi_Space_Gray_PDP_Image_Position_1__en-WW.jpg?v=1772628719,active
iPad Air 13-inch M4 | Wi-Fi - 256GB Purple,MH5X4QA/A,https://cdn.shopify.com/s/files/1/0571/8340/4192/files/iPad_Air_13-in_M4_Wifi_Purple_PDP_Image_Position_1__en-WW.jpg?v=1772628512,active
iPad Air 13-inch M4 | Wi-Fi - 256GB Starlight,MH5W4QA/A,https://cdn.shopify.com/s/files/1/0571/8340/4192/files/iPad_Air_13-in_M4_Wifi_Starlight_PDP_Image_Position_1__en-WW.jpg?v=1772628566,active
iPad Air 13-inch M4 | Wi-Fi - 256GB Blue,MH5V4QA/A,https://cdn.shopify.com/s/files/1/0571/8340/4192/files/iPad_Air_13-in_M4_Wifi_Blue_PDP_Image_Position_1__en-WW.jpg?v=1772628665,active
iPad Air 13-inch M4 | Wi-Fi - 256GB Space Grey,MH5U4QA/A,https://cdn.shopify.com/s/files/1/0571/8340/4192/files/iPad_Air_13-in_M4_Wifi_Space_Gray_PDP_Image_Position_1__en-WW.jpg?v=1772628719,active
iPad Air 13-inch M4 | Wi-Fi - 128GB Purple,MH5T4QA/A,https://cdn.shopify.com/s/files/1/0571/8340/4192/files/iPad_Air_13-in_M4_Wifi_Purple_PDP_Image_Position_1__en-WW.jpg?v=1772628512,active
iPad Air 13-inch M4 | Wi-Fi - 128GB Starlight,MH5Q4QA/A,https://cdn.shopify.com/s/files/1/0571/8340/4192/files/iPad_Air_13-in_M4_Wifi_Starlight_PDP_Image_Position_1__en-WW.jpg?v=1772628566,active
iPad Air 13-inch M4 | Wi-Fi - 128GB Blue,MH5P4QA/A,https://cdn.shopify.com/s/files/1/0571/8340/4192/files/iPad_Air_13-in_M4_Wifi_Blue_PDP_Image_Position_1__en-WW.jpg?v=1772628665,active
iPad Air 13-inch M4 | Wi-Fi - 128GB Space Grey,MH5N4QA/A,https://cdn.shopify.com/s/files/1/0571/8340/4192/files/iPad_Air_13-in_M4_Wifi_Space_Gray_PDP_Image_Position_1__en-WW.jpg?v=1772628719,active
iPad Air 11-inch M4 | Wi-Fi - 1TB Purple,MH3K4QA/A,https://cdn.shopify.com/s/files/1/0571/8340/4192/files/iPad_Air_11-in_M4_Wifi_Purple_PDP_Image_Position_1__en-WW.jpg?v=1772627577,active
iPad Air 11-inch M4 | Wi-Fi - 1TB Starlight,MH3J4QA/A,https://cdn.shopify.com/s/files/1/0571/8340/4192/files/iPad_Air_11-in_M4_Wifi_Starlight_PDP_Image_Position_1__en-WW.jpg?v=1772627760,active
iPad Air 11-inch M4 | Wi-Fi - 1TB Blue,MH3H4QA/A,https://cdn.shopify.com/s/files/1/0571/8340/4192/files/iPad_Air_11-in_M4_Wifi_Blue_PDP_Image_Position_1__en-WW_6f8aedf4-f8bd-48ac-8115-b9d219ad2b3f.jpg?v=1772627811,active
iPad Air 11-inch M4 | Wi-Fi - 1TB Space Grey,MH3G4QA/A,https://cdn.shopify.com/s/files/1/0571/8340/4192/files/iPad_Air_11-in_M4_Wifi_Space_Gray_PDP_Image_Position_1__en-WW.jpg?v=1772627686,active
iPad Air 11-inch M4 | Wi-Fi - 512GB Purple,MH3E4QA/A,https://cdn.shopify.com/s/files/1/0571/8340/4192/files/iPad_Air_11-in_M4_Wifi_Purple_PDP_Image_Position_1__en-WW.jpg?v=1772627577,active
iPad Air 11-inch M4 | Wi-Fi - 512GB Starlight,MH3D4QA/A,https://cdn.shopify.com/s/files/1/0571/8340/4192/files/iPad_Air_11-in_M4_Wifi_Starlight_PDP_Image_Position_1__en-WW.jpg?v=1772627760,active
iPad Air 11-inch M4 | Wi-Fi - 512GB Blue,MH3C4QA/A,https://cdn.shopify.com/s/files/1/0571/8340/4192/files/iPad_Air_11-in_M4_Wifi_Blue_PDP_Image_Position_1__en-WW_6f8aedf4-f8bd-48ac-8115-b9d219ad2b3f.jpg?v=1772627811,active
iPad Air 11-inch M4 | Wi-Fi - 512GB Space Grey,MH3A4QA/A,https://cdn.shopify.com/s/files/1/0571/8340/4192/files/iPad_Air_11-in_M4_Wifi_Space_Gray_PDP_Image_Position_1__en-WW.jpg?v=1772627686,active
iPad Air 11-inch M4 | Wi-Fi - 256GB Purple,MH394QA/A,https://cdn.shopify.com/s/files/1/0571/8340/4192/files/iPad_Air_11-in_M4_Wifi_Purple_PDP_Image_Position_1__en-WW.jpg?v=1772627577,active
iPad Air 11-inch M4 | Wi-Fi - 256GB Starlight,MH374QA/A,https://cdn.shopify.com/s/files/1/0571/8340/4192/files/iPad_Air_11-in_M4_Wifi_Starlight_PDP_Image_Position_1__en-WW.jpg?v=1772627760,active
iPad Air 11-inch M4 | Wi-Fi - 256GB Blue,MH364QA/A,https://cdn.shopify.com/s/files/1/0571/8340/4192/files/iPad_Air_11-in_M4_Wifi_Blue_PDP_Image_Position_1__en-WW_6f8aedf4-f8bd-48ac-8115-b9d219ad2b3f.jpg?v=1772627811,active
iPad Air 11-inch M4 | Wi-Fi - 256GB Space Grey,MH354QA/A,https://cdn.shopify.com/s/files/1/0571/8340/4192/files/iPad_Air_11-in_M4_Wifi_Space_Gray_PDP_Image_Position_1__en-WW.jpg?v=1772627686,active
iPad Air 11-inch M4 | Wi-Fi - 128GB Purple,MH344QA/A,https://cdn.shopify.com/s/files/1/0571/8340/4192/files/iPad_Air_11-in_M4_Wifi_Purple_PDP_Image_Position_1__en-WW.jpg?v=1772627577,active
iPad Air 11-inch M4 | Wi-Fi - 128GB Starlight,MH334QA/A,https://cdn.shopify.com/s/files/1/0571/8340/4192/files/iPad_Air_11-in_M4_Wifi_Starlight_PDP_Image_Position_1__en-WW.jpg?v=1772627760,active
iPad Air 11-inch M4 | Wi-Fi - 128GB Blue,MH314QA/A,https://cdn.shopify.com/s/files/1/0571/8340/4192/files/iPad_Air_11-in_M4_Wifi_Blue_PDP_Image_Position_1__en-WW_6f8aedf4-f8bd-48ac-8115-b9d219ad2b3f.jpg?v=1772627811,active
iPhone 17e - Soft Pink - 512GB,MHU34AF/A,https://cdn.shopify.com/s/files/1/0571/8340/4192/files/iPhone_17e_Soft_Pink_PDP_Image_Position_1__en-WW_b7174d96-505e-4832-9720-2ec09506000a.jpg?v=1772625527,active
iPhone 17e - White - 512GB,MHU04AF/A,https://cdn.shopify.com/s/files/1/0571/8340/4192/files/iPhone_17e_White_PDP_Image_Position_1__en-WW.jpg?v=1772625579,active
iPhone 17e - Black - 512GB,MHRY4AF/A,https://cdn.shopify.com/s/files/1/0571/8340/4192/files/iPhone_17e_Black_PDP_Image_Position_1__en-WW.jpg?v=1772625661,active
iPhone 17e - Soft Pink - 256GB,MHRX4AF/A,https://cdn.shopify.com/s/files/1/0571/8340/4192/files/iPhone_17e_Soft_Pink_PDP_Image_Position_1__en-WW_b7174d96-505e-4832-9720-2ec09506000a.jpg?v=1772625527,active
iPhone 17e - White - 256GB,MHRW4AF/A,https://cdn.shopify.com/s/files/1/0571/8340/4192/files/iPhone_17e_White_PDP_Image_Position_1__en-WW.jpg?v=1772625579,active
iPhone 17e - Black - 256GB,MHRV4AF/A,https://cdn.shopify.com/s/files/1/0571/8340/4192/files/iPhone_17e_Black_PDP_Image_Position_1__en-WW.jpg?v=1772625661,active
iPad Air 11-inch M4 | Wi-Fi - 128GB Space Grey,MH304QA/A,https://cdn.shopify.com/s/files/1/0571/8340/4192/files/iPad_Air_11-in_M4_Wifi_Space_Gray_PDP_Image_Position_1__en-WW.jpg?v=1772627686,active
iPad Air 13-inch M4 | Wi-Fi + Cellular 1TB Purple,MH9V4QA/A,https://cdn.shopify.com/s/files/1/0571/8340/4192/files/iPad_Air_13-in_M4_Wifi_Purple_PDP_Image_Position_1__en-WW.jpg?v=1772628512,active
Airtag (4 pack),MFEA4ZM/A,https://cdn.shopify.com/s/files/1/0571/8340/4192/files/AirTag_4-Up_Screen__GBEN-1_2.jpg?v=1771936370,active
Airtag (1 pack),MFE94ZM/A,https://cdn.shopify.com/s/files/1/0571/8340/4192/files/AirTag_PDP_Image_Position_1__WWEN_00-0228-160.jpg?v=1771935086,active
DJI Avata 2 Fly Smart Combo (3 Batteries),CP.FP.00000265.01,https://cdn.shopify.com/s/files/1/0571/8340/4192/files/9.__2.webp?v=1771835615,active
Moov Aspect Tri-Fold Folio Case for iPad A16/10.9-inch (10th Gen) - Blue,MO-510941N-BCL,https://cdn.shopify.com/s/files/1/0571/8340/4192/files/ipad_10th_gen_10.9_blue_2__1_958c8ffb-ffee-497f-8035-d368af769663.webp?v=1771835370,active
DJI Flip (DJI RC 2) (GL),CP.FP.00000180.01,https://cdn.shopify.com/s/files/1/0571/8340/4192/files/dji_flip_rc_2_battery_daetached_2.webp?v=1771503259,active
Moov Privacy Glass Screen Guard iPhone Air,MO-17A21-ESPCVPR,https://cdn.shopify.com/s/files/1/0571/8340/4192/files/qdos_iphone_17_air_eco_glass_privacy_product_image_hr_5.webp?v=1771488183,active
DJI Osmo Action 6 Adventure Combo,CP.OS.00000506.01,https://cdn.shopify.com/s/files/1/0571/8340/4192/files/osmo_action_6_adventure_combo_-__2.webp?v=1770211278,active
DJI Osmo Action Multifunctional Battery Case 2,CP.OS.00000397.01,https://cdn.shopify.com/s/files/1/0571/8340/4192/files/osmo_action_multifunctional_battery_case_2_white_background_image_4__4.webp?v=1770194369,active
DJI Osmo Action 6 Standard Combo,CP.OS.00000505.01,https://cdn.shopify.com/s/files/1/0571/8340/4192/files/osmo_action_6_standard_combo_-__2.webp?v=1770101482,active
DJI Osmo Action Extreme Battery Plus,CP.OS.00000370.01,https://cdn.shopify.com/s/files/1/0571/8340/4192/files/osmo_action_extreme_battery_plus_1950_mah_white_background_image_4__1950_mah_4.webp?v=1770101575,active
reloved iPhone 11 128GB White - Pre-owned,SUNMWM22PLG-A,https://cdn.shopify.com/s/files/1/0571/8340/4192/products/11wht.png?v=1640781729,active
reloved iPhone 13 512GB Midnight - Pre-owned,SUNMLQC3PLG-A,https://cdn.shopify.com/s/files/1/0571/8340/4192/products/13-midnight_5b1c85cc-9e2f-443e-ace2-30bc4040efd5.png?v=1643173125,active
reloved iPhone 13 256GB Starlight - Pre-owned,SUNMLQ73PLG-A,https://cdn.shopify.com/s/files/1/0571/8340/4192/products/13-midnight_8aa00da2-b6e5-47e8-9b1b-aee3062e6c1d.png?v=1643176295,active
reloved iPhone 11 256GB White - Pre-owned,SUNMWM82PLG-A,https://cdn.shopify.com/s/files/1/0571/8340/4192/products/11wht.png?v=1640781729,active
reloved iPhone 11 64GB Black - Pre-owned,SUNMWLT2PLG-A,https://cdn.shopify.com/s/files/1/0571/8340/4192/products/black-iphone11_eafa3100-62bc-4f2b-aba5-b6fe6816a8e9.png?v=1640781744,active
Moov Privacy Glass iPhone 16e/14/13/13 Pro Screen Protector,MO-1421N-SPCVPR,https://cdn.shopify.com/s/files/1/0571/8340/4192/files/mo-1421-spcvpr_privacy_glass_for_iphone_14-2_1.webp?v=1764928690,active
DJI Mini 4K Fly More Combo with RC-N1C Controller,CP.MA.00000788.01,https://cdn.shopify.com/s/files/1/0571/8340/4192/files/dji_mini_4kcombo_1.webp?v=1764926524,active
DJI Mini 3/Mini 3 Pro/Mini 4 Pro Intelligent Flight Battery Plus,CP.MA.00000499.01,https://cdn.shopify.com/s/files/1/0571/8340/4192/files/battery_plus_top_jpg.webp?v=1764747230,active
DJI Mic 3 (2 TX + 1 RX + Charging Case),CP.RN.00000480.01,https://cdn.shopify.com/s/files/1/0571/8340/4192/files/dji_mic_3_2tx_1rx_charging_case_-_11_1.webp?v=1764662419,active
DJI Mini 5 Pro Fly More Combo with RC 2 Controller,CP.MA.00000894.01,https://cdn.shopify.com/s/files/1/0571/8340/4192/files/dji_mini_5_pro_dji_rc_2_dji_mini_5_pro_fly_more_combo_dji_rc_2_-1.webp?v=1764662517,active
DJI Neo 2 Fly More Combo (With RC-N3 Controller),CP.FP.00000272.01,https://cdn.shopify.com/s/files/1/0571/8340/4192/files/dji-_wa020_-_neo21609.webp?v=1764662591,active
Scribe for iPad Air 11 inch (M3 - 2025) / M2 - 2024),MO-11A2424N-SPP,https://cdn.shopify.com/s/files/1/0571/8340/4192/files/og_gla_4_1.jpg?v=1761289721,active
Magic Keyboard for iPad Air 13-inch (M3) (International English) - Black,MGYY4Z/A,https://cdn.shopify.com/s/files/1/0571/8340/4192/files/mgyy4.jpg?v=1763126263,active
Magic Keyboard iPad Air  | 11-inch- Black,MGYX4Z/A,https://cdn.shopify.com/s/files/1/0571/8340/4192/files/mgyx4.webp?v=1769002574,active
iPad Pro | M5 - 13-inch Wi-Fi + Cellular | 2TB - Silver - Nano-textured Glass,ME8N4QA/A,https://cdn.shopify.com/s/files/1/0571/8340/4192/files/iPad_Pro_13-in_M5_Cellular_Silver_PDP_Image_Position_1__WWEN.jpg?v=1760694574,active
iPad Pro | M5 - 13-inch Wi-Fi + Cellular | 2TB - Space Black - Nano-textured Glass,ME8M4QA/A,https://cdn.shopify.com/s/files/1/0571/8340/4192/files/iPad_Pro_13-in_M5_Cellular_Space_Black_PDP_Image_Position_1__WWEN.jpg?v=1760694492,active
iPad Pro | M5 - 13-inch Wi-Fi + Cellular | 2TB - Silver - Standard Glass,ME8K4QA/A,https://cdn.shopify.com/s/files/1/0571/8340/4192/files/iPad_Pro_13-in_M5_Cellular_Silver_PDP_Image_Position_1__WWEN.jpg?v=1760694574,active
iPad Pro | M5 - 13-inch Wi-Fi + Cellular | 2TB - Space Black - Standard Glass,ME8J4QA/A,https://cdn.shopify.com/s/files/1/0571/8340/4192/files/iPad_Pro_13-in_M5_Cellular_Space_Black_PDP_Image_Position_1__WWEN.jpg?v=1760694492,active
iPad Pro | M5 - 13-inch Wi-Fi + Cellular | 1TB - Silver - Nano-textured Glass,ME8H4QA/A,https://cdn.shopify.com/s/files/1/0571/8340/4192/files/iPad_Pro_13-in_M5_Cellular_Silver_PDP_Image_Position_1__WWEN.jpg?v=1760694574,active
iPad Pro | M5 - 13-inch Wi-Fi + Cellular | 1TB - Space Black - Nano-textured Glass,ME8G4QA/A,https://cdn.shopify.com/s/files/1/0571/8340/4192/files/iPad_Pro_13-in_M5_Cellular_Space_Black_PDP_Image_Position_1__WWEN.jpg?v=1760694492,active
iPad Pro | M5 - 13-inch Wi-Fi + Cellular | 1TB - Silver - Standard Glass,ME8F4QA/A,https://cdn.shopify.com/s/files/1/0571/8340/4192/files/iPad_Pro_13-in_M5_Cellular_Silver_PDP_Image_Position_1__WWEN.jpg?v=1760694574,active
iPad Pro | M5 - 13-inch Wi-Fi + Cellular | 1TB - Space Black - Standard Glass,ME8D4QA/A,https://cdn.shopify.com/s/files/1/0571/8340/4192/files/iPad_Pro_13-in_M5_Cellular_Space_Black_PDP_Image_Position_1__WWEN.jpg?v=1760694492,active
iPad Pro | M5 - 13-inch Wi-Fi + Cellular | 512GB - Silver- Standard Glass,ME8C4QA/A,https://cdn.shopify.com/s/files/1/0571/8340/4192/files/iPad_Pro_13-in_M5_Cellular_Silver_PDP_Image_Position_1__WWEN.jpg?v=1760694574,active
iPad Pro | M5 - 13-inch Wi-Fi + Cellular | 512GB - Space Black - Standard Glass,ME7Y4QA/A,https://cdn.shopify.com/s/files/1/0571/8340/4192/files/iPad_Pro_13-in_M5_Cellular_Space_Black_PDP_Image_Position_1__WWEN.jpg?v=1760694492,active
iPad Pro | M5 - 13-inch Wi-Fi + Cellular | 256GB - Silver- Standard Glass,ME7X4QA/A,https://cdn.shopify.com/s/files/1/0571/8340/4192/files/iPad_Pro_13-in_M5_Cellular_Silver_PDP_Image_Position_1__WWEN.jpg?v=1760694574,active
iPad Pro | M5 - 13-inch Wi-Fi + Cellular | 256GB - Space Black - Standard Glass,ME7W4QA/A,https://cdn.shopify.com/s/files/1/0571/8340/4192/files/iPad_Pro_13-in_M5_Cellular_Space_Black_PDP_Image_Position_1__WWEN.jpg?v=1760694492,active
iPad Pro | M5 - 11-inch Wi-Fi + Cellular | 2TB - Silver - Nano-textured Glass,ME6D4QA/A,https://cdn.shopify.com/s/files/1/0571/8340/4192/files/iPad_Pro_11-in_M5_Cellular_Silver_PDP_Image_Position_1__WWEN.jpg?v=1760694398,active
iPad Pro | M5 - 11-inch Wi-Fi + Cellular | 2TB - Space Black - Nano-textured Glass,ME6C4QA/A,https://cdn.shopify.com/s/files/1/0571/8340/4192/files/iPad_Pro_11-in_M5_Cellular_Space_Black_PDP_Image_Position_1__WWEN.jpg?v=1760694277,active
iPad Pro | M5 - 11-inch Wi-Fi + Cellular | 2TB - Silver - Standard Glass,ME6A4QA/A,https://cdn.shopify.com/s/files/1/0571/8340/4192/files/iPad_Pro_11-in_M5_Cellular_Silver_PDP_Image_Position_1__WWEN.jpg?v=1760694398,active
iPad Pro | M5 - 11-inch Wi-Fi + Cellular | 2TB - Space Black - Standard Glass,ME2Y4QA/A,https://cdn.shopify.com/s/files/1/0571/8340/4192/files/iPad_Pro_11-in_M5_Cellular_Space_Black_PDP_Image_Position_1__WWEN.jpg?v=1760694277,active
iPad Pro | M5 - 11-inch Wi-Fi + Cellular | 1TB - Silver - Nano-textured Glass,ME2X4QA/A,https://cdn.shopify.com/s/files/1/0571/8340/4192/files/iPad_Pro_11-in_M5_Cellular_Silver_PDP_Image_Position_1__WWEN.jpg?v=1760694398,active
iPad Pro | M5 - 11-inch Wi-Fi + Cellular | 1TB - Space Black - Nano-textured Glass,ME2W4QA/A,https://cdn.shopify.com/s/files/1/0571/8340/4192/files/iPad_Pro_11-in_M5_Cellular_Space_Black_PDP_Image_Position_1__WWEN.jpg?v=1760694277,active
iPad Pro | M5 - 11-inch Wi-Fi + Cellular | 1TB - Silver - Standard Glass,ME2V4QA/A,https://cdn.shopify.com/s/files/1/0571/8340/4192/files/iPad_Pro_11-in_M5_Cellular_Silver_PDP_Image_Position_1__WWEN.jpg?v=1760694398,active
iPad Pro | M5 - 11-inch Wi-Fi + Cellular | 1TB - Space Black - Standard Glass,ME2U4QA/A,https://cdn.shopify.com/s/files/1/0571/8340/4192/files/iPad_Pro_11-in_M5_Cellular_Space_Black_PDP_Image_Position_1__WWEN.jpg?v=1760694277,active
iPad Pro | M5 - 11-inch Wi-Fi + Cellular | 512GB - Silver- Standard Glass,ME2T4QA/A,https://cdn.shopify.com/s/files/1/0571/8340/4192/files/iPad_Pro_11-in_M5_Cellular_Silver_PDP_Image_Position_1__WWEN.jpg?v=1760694398,active
iPad Pro | M5 - 11-inch Wi-Fi + Cellular | 512GB - Space Black- Standard Glass,ME2Q4QA/A,https://cdn.shopify.com/s/files/1/0571/8340/4192/files/iPad_Pro_11-in_M5_Cellular_Space_Black_PDP_Image_Position_1__WWEN.jpg?v=1760694277,active
iPad Pro | M5 - 11-inch Wi-Fi + Cellular | 256GB - Silver - Standard Glass,ME2P4QA/A,https://cdn.shopify.com/s/files/1/0571/8340/4192/files/iPad_Pro_11-in_M5_Cellular_Silver_PDP_Image_Position_1__WWEN.jpg?v=1760694398,active
iPad Pro | M5 - 11-inch Wi-Fi + Cellular | 256GB - Space Black - Standard Glass,ME2N4QA/A,https://cdn.shopify.com/s/files/1/0571/8340/4192/files/iPad_Pro_11-in_M5_Cellular_Space_Black_PDP_Image_Position_1__WWEN.jpg?v=1760694277,active
iPad Pro | M5 - 13-inch Wi-Fi | 2TB - Silver - Nano-textured Glass,MDYW4QA/A,https://cdn.shopify.com/s/files/1/0571/8340/4192/files/iPad_Pro_13-in_M5_Cellular_Silver_PDP_Image_Position_1__WWEN.jpg?v=1760694574,active
iPad Pro | M5 - 13-inch Wi-Fi | 2TB - Space Black - Nano-textured Glass,MDYV4QA/A,https://cdn.shopify.com/s/files/1/0571/8340/4192/files/iPad_Pro_13-in_M5_Cellular_Space_Black_PDP_Image_Position_1__WWEN.jpg?v=1760694492,active
iPad Pro | M5 - 13-inch Wi-Fi | 2TB - Silver - Standard Glass,MDYU4QA/A,https://cdn.shopify.com/s/files/1/0571/8340/4192/files/iPad_Pro_13-in_M5_Cellular_Silver_PDP_Image_Position_1__WWEN.jpg?v=1760694574,active
iPad Pro | M5 - 13-inch Wi-Fi | 2TB - Space Black - Standard Glass,MDYT4QA/A,https://cdn.shopify.com/s/files/1/0571/8340/4192/files/iPad_Pro_13-in_M5_Cellular_Space_Black_PDP_Image_Position_1__WWEN.jpg?v=1760694492,active
iPad Pro | M5 - 13-inch Wi-Fi | 1TB - Silver - Nano-textured Glass,MDYR4QA/A,https://cdn.shopify.com/s/files/1/0571/8340/4192/files/iPad_Pro_13-in_M5_Cellular_Silver_PDP_Image_Position_1__WWEN.jpg?v=1760694574,active
iPad Pro | M5 - 13-inch Wi-Fi | 1TB - Space Black - Nano-textured Glass,MDYQ4QA/A,https://cdn.shopify.com/s/files/1/0571/8340/4192/files/iPad_Pro_13-in_M5_Cellular_Space_Black_PDP_Image_Position_1__WWEN.jpg?v=1760694492,active
iPad Pro | M5 - 13-inch Wi-Fi | 1TB - Silver - Standard Glass,MDYP4QA/A,https://cdn.shopify.com/s/files/1/0571/8340/4192/files/iPad_Pro_13-in_M5_Cellular_Silver_PDP_Image_Position_1__WWEN.jpg?v=1760694574,active
iPad Pro | M5 - 13-inch Wi-Fi | 1TB - Space Black - Standard Glass,MDYN4QA/A,https://cdn.shopify.com/s/files/1/0571/8340/4192/files/iPad_Pro_13-in_M5_Cellular_Space_Black_PDP_Image_Position_1__WWEN.jpg?v=1760694492,active
iPad Pro | M5 - 13-inch Wi-Fi | 512GB - Silver - Standard Glass,MDYM4QA/A,https://cdn.shopify.com/s/files/1/0571/8340/4192/files/iPad_Pro_13-in_M5_Cellular_Silver_PDP_Image_Position_1__WWEN.jpg?v=1760694574,active
iPad Pro | M5 - 13-inch Wi-Fi | 512GB - Space Black - Standard Glass,MDYL4QA/A,https://cdn.shopify.com/s/files/1/0571/8340/4192/files/iPad_Pro_13-in_M5_Cellular_Space_Black_PDP_Image_Position_1__WWEN.jpg?v=1760694492,active
iPad Pro | M5 - 13-inch Wi-Fi | 256GB - Silver - Standard Glass,MDYK4QA/A,https://cdn.shopify.com/s/files/1/0571/8340/4192/files/iPad_Pro_13-in_M5_Cellular_Silver_PDP_Image_Position_1__WWEN.jpg?v=1760694574,active
iPad Pro | M5 - 13-inch Wi-Fi | 256GB - Space Black - Standard Glass,MDYJ4QA/A,https://cdn.shopify.com/s/files/1/0571/8340/4192/files/iPad_Pro_13-in_M5_Cellular_Space_Black_PDP_Image_Position_1__WWEN.jpg?v=1760694492,active
iPad Pro | M5 - 11-inch Wi-Fi | 2TB - Silver - Nano-textured Glass,MDWX4QA/A,https://cdn.shopify.com/s/files/1/0571/8340/4192/files/iPad_Pro_11-in_M5_Cellular_Silver_PDP_Image_Position_1__WWEN.jpg?v=1760694398,active
iPad Pro | M5 - 11-inch Wi-Fi | 2TB - Space Black - Nano-textured Glass,MDWW4QA/A,https://cdn.shopify.com/s/files/1/0571/8340/4192/files/iPad_Pro_11-in_M5_Cellular_Space_Black_PDP_Image_Position_1__WWEN.jpg?v=1760694277,active
iPad Pro | M5 - 11-inch Wi-Fi | 2TB - Silver - Standard Glass,MDWV4QA/A,https://cdn.shopify.com/s/files/1/0571/8340/4192/files/iPad_Pro_11-in_M5_Cellular_Silver_PDP_Image_Position_1__WWEN.jpg?v=1760694398,active
iPad Pro | M5 - 11-inch Wi-Fi | 2TB - Space Black - Standard Glass,MDWU4QA/A,https://cdn.shopify.com/s/files/1/0571/8340/4192/files/iPad_Pro_11-in_M5_Cellular_Space_Black_PDP_Image_Position_1__WWEN.jpg?v=1760694277,active
iPad Pro | M5 - 11-inch Wi-Fi | 1TB - Silver - Nano-textured Glass,MDWT4QA/A,https://cdn.shopify.com/s/files/1/0571/8340/4192/files/iPad_Pro_11-in_M5_Cellular_Silver_PDP_Image_Position_1__WWEN.jpg?v=1760694398,active
iPad Pro | M5 - 11-inch Wi-Fi | 1TB - Space Black - Nano-textured Glass,MDWR4QA/A,https://cdn.shopify.com/s/files/1/0571/8340/4192/files/iPad_Pro_11-in_M5_Cellular_Space_Black_PDP_Image_Position_1__WWEN.jpg?v=1760694277,active
iPad Pro | M5 - 11-inch Wi-Fi | 1TB - Silver - Standard Glass,MDWQ4QA/A,https://cdn.shopify.com/s/files/1/0571/8340/4192/files/iPad_Pro_11-in_M5_Cellular_Silver_PDP_Image_Position_1__WWEN.jpg?v=1760694398,active
iPad Pro | M5 - 11-inch Wi-Fi | 1TB - Space Black - Standard Glass,MDWP4QA/A,https://cdn.shopify.com/s/files/1/0571/8340/4192/files/iPad_Pro_11-in_M5_Cellular_Space_Black_PDP_Image_Position_1__WWEN.jpg?v=1760694277,active
iPad Pro | M5 - 11-inch Wi-Fi | 512GB - Silver - Standard Glass,MDWN4QA/A,https://cdn.shopify.com/s/files/1/0571/8340/4192/files/iPad_Pro_11-in_M5_Cellular_Silver_PDP_Image_Position_1__WWEN.jpg?v=1760694398,active
iPad Pro | M5 - 11-inch Wi-Fi | 512GB - Space Black - Standard Glass,MDWM4QA/A,https://cdn.shopify.com/s/files/1/0571/8340/4192/files/iPad_Pro_11-in_M5_Cellular_Space_Black_PDP_Image_Position_1__WWEN.jpg?v=1760694277,active
iPad Pro | M5 - 11-inch Wi-Fi | 256GB - Silver - Standard Glass,MDWL4QA/A,https://cdn.shopify.com/s/files/1/0571/8340/4192/files/iPad_Pro_11-in_M5_Cellular_Silver_PDP_Image_Position_1__WWEN.jpg?v=1760694398,active
iPad Pro | M5 - 11-inch Wi-Fi | 256GB - Space Black - Standard Glass,MDWK4QA/A,https://cdn.shopify.com/s/files/1/0571/8340/4192/files/iPad_Pro_11-in_M5_Cellular_Space_Black_PDP_Image_Position_1__WWEN.jpg?v=1760694277,active
14-inch MacBook Pro M5 Chip | 10-core CPU 10-core GPU | 24GB | 1TB - Silver,MDE64ZE/A,https://cdn.shopify.com/s/files/1/0571/8340/4192/files/MacBook_Pro_14-in_M5_Silver_PDP_Image_Position_1__WWEN.jpg?v=1760682042,active
14-inch MacBook Pro M5 Chip | 10-core CPU 10-core GPU | 16B | 1TB - Silver,MDE54ZE/A,https://cdn.shopify.com/s/files/1/0571/8340/4192/files/MacBook_Pro_14-in_M5_Silver_PDP_Image_Position_1__WWEN.jpg?v=1760682042,active
14-inch MacBook Pro M5 Chip | 10-core CPU 10-core GPU | 24GB | 1TB - Space Black,MDE34ZE/A,https://cdn.shopify.com/s/files/1/0571/8340/4192/files/MacBook_Pro_14-in_M5_Space_Black_PDP_Image_Position_1__WWEN.jpg?v=1760682083,active
14-inch MacBook Pro M5 Chip | 10-core CPU 10-core GPU | 16GB | 1TB - Space Black,MDE14ZE/A,https://cdn.shopify.com/s/files/1/0571/8340/4192/files/MacBook_Pro_14-in_M5_Space_Black_PDP_Image_Position_1__WWEN.jpg?v=1760682083,active
Apple Pro Stand,MX5N3Z/A,https://cdn.shopify.com/s/files/1/0571/8340/4192/files/mx5n3_av2.jpg?v=1760444592,active
Reloved iPhone 13 512GB Green,SUNMNGM3PLG-A,https://cdn.shopify.com/s/files/1/0571/8340/4192/products/1ACF9755-21B7-4E45-BE62-E112F2CB60FA.png?v=1660896149,active
Moov iPad Pro 13-inch (M4) Aspect Tri-Fold Case - Blue,MO-5129P2441-BCL,https://cdn.shopify.com/s/files/1/0571/8340/4192/files/12.9_pro_pu_7.jpg?v=1759912632,active
Apple Watch Series 11 GPS + Cellular  42MM Silver Aluminium Case with Purple Fog Sport Band - S/M,MF8H4AF/A,https://cdn.shopify.com/s/files/1/0571/8340/4192/files/Apple_Watch_Series_11_42mm_Silver_Aluminum_Purple_Fog_Sport_Band_34FR_Screen__USEN.png?v=1757656296,active
Apple Watch Series 11 GPS 46MM Rose Gold Aluminium Case with Ligth Blush Sport Band - S/M,MEV64AF/A,https://cdn.shopify.com/s/files/1/0571/8340/4192/files/Apple_Watch_Series_11_42mm_Rose_Gold_Aluminum_Light_Blush_Sport_Band_34FR_Screen__USEN.png?v=1757656358,active
iPhone Air Bumper - Tan,MH044ZM/A,https://cdn.shopify.com/s/files/1/0571/8340/4192/files/MH044.jpg?v=1758015098,active
iPhone Air Bumper - Light Blue,MH024ZM/A,https://cdn.shopify.com/s/files/1/0571/8340/4192/files/MH024.jpg?v=1758015098,active
iPhone Air Bumper - Light Grey,MH014ZM/A,https://cdn.shopify.com/s/files/1/0571/8340/4192/files/MH014.jpg?v=1758015098,active
iPhone Air Bumper - Black,MH004ZM/A,https://cdn.shopify.com/s/files/1/0571/8340/4192/files/MH004.jpg?v=1758015098,active
iPhone Air MagSafe Battery,MGPG4ZE/A,https://cdn.shopify.com/s/files/1/0571/8340/4192/files/MGPG4.jpg?v=1758015224,active
iPhone Air Case with Magsafe - Frost,MGH34ZM/A,https://cdn.shopify.com/s/files/1/0571/8340/4192/files/MGH34_b50a55df-4b82-45de-9d36-f9b42e89bdae.jpg?v=1758013928,active
iPhone Air Case with Magsafe - Shadow,MGH24ZM/A,https://cdn.shopify.com/s/files/1/0571/8340/4192/files/MGH24.jpg?v=1758013851,active
iPhone 17 Pro Max Clear Case with Magsafe,MGFW4ZM/A,https://cdn.shopify.com/s/files/1/0571/8340/4192/files/MGFW4.jpg?v=1758014173,active
iPhone 17 Pro Clear Case with Magsafe,MGFT4ZM/A,https://cdn.shopify.com/s/files/1/0571/8340/4192/files/MGFT4.jpg?v=1758013958,active
iPhone 17 Pro Max Silicone Case with Magsafe - Black,MGFR4ZM/A,https://cdn.shopify.com/s/files/1/0571/8340/4192/files/MGFR4.jpg?v=1758014296,active
iPhone 17 Pro Max Silicone Case with Magsafe - Midnight,MGFP4ZM/A,https://cdn.shopify.com/s/files/1/0571/8340/4192/files/MGFP4.jpg?v=1758015421,active
iPhone 17 Pro Max Silicone Case with MagSafe - Purple Fog,MGFN4ZM/A,https://cdn.shopify.com/s/files/1/0571/8340/4192/files/MGFN4.jpg?v=1758014245,active
iPhone 17 Pro Silicone Case with Magsafe - Black,MGFK4ZM/A,https://cdn.shopify.com/s/files/1/0571/8340/4192/files/MGFK4.jpg?v=1758014143,active
iPhone 17 Pro Silicone Case with Magsafe - Midnight,MGFH4ZM/A,https://cdn.shopify.com/s/files/1/0571/8340/4192/files/MGFH4.jpg?v=1758015456,active
iPhone 17 Pro Silicone Case Purple Fog,MGFG4ZM/A,https://cdn.shopify.com/s/files/1/0571/8340/4192/files/MGFG4.jpg?v=1758013993,active
iPhone 17 Pro Max Techwoven Case with MagSafe - Blue,MGF94ZM/A,https://cdn.shopify.com/s/files/1/0571/8340/4192/files/MGF94_5df48c5b-9650-424f-a382-46703fb33327.jpg?v=1758015538,active
iPhone 17 Pro Max Techwoven Case with MagSafe - Black,MGF84ZM/A,https://cdn.shopify.com/s/files/1/0571/8340/4192/files/MGF84_7acc4c50-2d0c-47f7-9dc5-05b9d042e4c0.jpg?v=1758015573,active
iPhone 17 Pro TechWoven Case with MagSafe Green,MGF74ZM/A,https://cdn.shopify.com/s/files/1/0571/8340/4192/files/MGF74.jpg?v=1758882336,active
Apple TechWoven Case with MagSafe for iPhone 17 Pro - Purple,MGF54ZM/A,https://cdn.shopify.com/s/files/1/0571/8340/4192/files/mgf54_av2.jpg?v=1764917995,active
iPhone 17 Pro Techwoven Case with MagSafe - Blue,MGF44ZM/A,https://cdn.shopify.com/s/files/1/0571/8340/4192/files/MGF44.jpg?v=1758015637,active
iPhone 17 Pro Techwoven Case with MagSafe - Black,MGF34ZM/A,https://cdn.shopify.com/s/files/1/0571/8340/4192/files/MGF34_AV1.jpg?v=1758015648,active
iPhone 17 Clear Case with Magsafe,MGF24ZM/A,https://cdn.shopify.com/s/files/1/0571/8340/4192/files/MGF24.jpg?v=1758013752,active
iPhone 17 Silicone Case with Magsafe - Black,MGF14ZM/A,https://cdn.shopify.com/s/files/1/0571/8340/4192/files/MGF14.jpg?v=1758013795,active
MagSafe Charger 2M,MGDM4ZE/A,https://cdn.shopify.com/s/files/1/0571/8340/4192/files/MGDM4.jpg?v=1758015696,active
MagSafe Charger 1M,MGD74ZE/A,https://cdn.shopify.com/s/files/1/0571/8340/4192/files/MGDM4.jpg?v=1758015696,active
AirPods Pro 3,MFHP4ZE/A,https://cdn.shopify.com/s/files/1/0571/8340/4192/files/AirPods_Pro_3_PDP_Image_Position_1__WWEN.jpg?v=1757667237,active
Apple Watch Series 11 GPS + Cellular  46MM Gold Titanium case with Gold Milanese Loop  - M/L,MFD84AF/A,https://cdn.shopify.com/s/files/1/0571/8340/4192/files/Apple_Watch_Series_11_42mm_Gold_Titanium_Gold_Milanese_Loop_34FR_Screen__WWEN.png?v=1757657554,active
Apple Watch Series 11 GPS + Cellular  46MM Gold Titanium case with Gold Milanese Loop  - S/M,MFD74AF/A,https://cdn.shopify.com/s/files/1/0571/8340/4192/files/Apple_Watch_Series_11_42mm_Gold_Titanium_Gold_Milanese_Loop_34FR_Screen__WWEN.png?v=1757657554,active
Apple Watch Series 11 GPS + Cellular  46MM Gold Titanium case with Light Blush Sport Band - M/L,MFD64AF/A,https://cdn.shopify.com/s/files/1/0571/8340/4192/files/Apple_Watch_Series_11_42mm_Gold_Titanium_Light_Blush_Sport_Band_34FR_Screen__WWEN.png?v=1757656587,active
Apple Watch Series 11 GPS + Cellular  46MM Gold Titanium case with Light Blush Sport Band - S/M,MFD54AF/A,https://cdn.shopify.com/s/files/1/0571/8340/4192/files/Apple_Watch_Series_11_42mm_Gold_Titanium_Light_Blush_Sport_Band_34FR_Screen__WWEN.png?v=1757656587,active
Apple Watch Series 11 GPS + Cellular  46MM Slate Titanium case with Slate Milanese Loop - M/L,MFD44AF/A,https://cdn.shopify.com/s/files/1/0571/8340/4192/files/Apple_Watch_Series_11_42mm_Slate_Titanium_Slate_Milanese_Loop_34FR_Screen__WWEN.png?v=1757656668,active
Apple Watch Series 11 GPS + Cellular  46MM Slate Titanium case with Slate Milanese Loop - S/M,MFD34AF/A,https://cdn.shopify.com/s/files/1/0571/8340/4192/files/Apple_Watch_Series_11_42mm_Slate_Titanium_Slate_Milanese_Loop_34FR_Screen__WWEN.png?v=1757656668,active
Apple Watch Series 11 GPS + Cellular  46MM Slate Titanium case with Black Sport band - M/L,MFD24AF/A,https://cdn.shopify.com/s/files/1/0571/8340/4192/files/Apple_Watch_Series_11_46mm_Slate_Titanium_Black_Sport_Band_34FR_Screen__WWEN.png?v=1757656830,active
Apple Watch Series 11 GPS + Cellular  46MM Slate Titanium case with Black Sport band - S/M,MFD14AF/A,https://cdn.shopify.com/s/files/1/0571/8340/4192/files/Apple_Watch_Series_11_46mm_Slate_Titanium_Black_Sport_Band_34FR_Screen__WWEN.png?v=1757656830,active
Apple Watch Series 11 GPS + Cellular  46MM Natural Titanium Case with Natural Milanese Loop - M/L,MFD04AF/A,https://cdn.shopify.com/s/files/1/0571/8340/4192/files/Apple_Watch_Series_11_42mm_Natural_Titanium_Natural_Milanese_Loop_34FR_Screen__WWEN.png?v=1757656874,active
Apple Watch Series 11 GPS + Cellular  46MM Natural Titanium Case with Natural Milanese Loop - S/M,MFCY4AF/A,https://cdn.shopify.com/s/files/1/0571/8340/4192/files/Apple_Watch_Series_11_42mm_Natural_Titanium_Natural_Milanese_Loop_34FR_Screen__WWEN.png?v=1757656874,active
Apple Watch Series 11 GPS + Cellular  46MM Natural Titanium Case with Stone Grey Sport Band - M/L,MFCX4AF/A,https://cdn.shopify.com/s/files/1/0571/8340/4192/files/Apple_Watch_Series_11_46mm_Natural_Titanium_Stone_Gray_Sport_Band_34FR_Screen__WWEN.png?v=1757656999,active
Apple Watch Series 11 GPS + Cellular  46MM Natural Titanium Case with Stone Grey Sport Band - S/M,MFCW4AF/A,https://cdn.shopify.com/s/files/1/0571/8340/4192/files/Apple_Watch_Series_11_46mm_Natural_Titanium_Stone_Gray_Sport_Band_34FR_Screen__WWEN.png?v=1757656999,active
Apple Watch Series 11 GPS + Cellular  46MM Silver Aluminium Case with Purple Fog Sport Band - M/L,MFCR4AF/A,https://cdn.shopify.com/s/files/1/0571/8340/4192/files/Apple_Watch_Series_11_42mm_Silver_Aluminum_Purple_Fog_Sport_Band_34FR_Screen__USEN_311abc30-6f26-4824-8110-d90a6c8fe0b7.png?v=1757657046,active
Apple Watch Series 11 GPS + Cellular  46MM Silver Aluminium Case with Purple Fog Sport Band - S/M,MFCP4AF/A,https://cdn.shopify.com/s/files/1/0571/8340/4192/files/Apple_Watch_Series_11_42mm_Silver_Aluminum_Purple_Fog_Sport_Band_34FR_Screen__USEN_311abc30-6f26-4824-8110-d90a6c8fe0b7.png?v=1757657046,active
Apple Watch Series 11 GPS + Cellular  46MM Rose Gold Aluminium Case with Ligth Blush Sport Band - M/L,MFCJ4AF/A,https://cdn.shopify.com/s/files/1/0571/8340/4192/files/Apple_Watch_Series_11_42mm_Rose_Gold_Aluminum_Light_Blush_Sport_Band_34FR_Screen__USEN.png?v=1757656358,active
Apple Watch Series 11 GPS + Cellular  46MM Rose Gold Aluminium Case with Ligth Blush Sport Band - S/M,MFCG4AF/A,https://cdn.shopify.com/s/files/1/0571/8340/4192/files/Apple_Watch_Series_11_42mm_Rose_Gold_Aluminum_Light_Blush_Sport_Band_34FR_Screen__USEN.png?v=1757656358,active
Apple Watch Series 11 GPS + Cellular  46MM Space Grey Aluminium Case with Black Sport Band - M/L,MFCA4AF/A,https://cdn.shopify.com/s/files/1/0571/8340/4192/files/Apple_Watch_Series_11_42mm_Space_Gray_Aluminum_Black_Sport_Band_34FR_Screen__USEN.png?v=1757657093,active
Apple Watch Series 11 GPS + Cellular  46MM Space Grey Aluminium Case with Black Sport Band - S/M,MFC94AF/A,https://cdn.shopify.com/s/files/1/0571/8340/4192/files/Apple_Watch_Series_11_42mm_Space_Gray_Aluminum_Black_Sport_Band_34FR_Screen__USEN.png?v=1757657093,active
Apple Watch Series 11 GPS + Cellular  46MM Jet Black Aluminium Case with Black Sport Band - M/L,MFC44AF/A,https://cdn.shopify.com/s/files/1/0571/8340/4192/files/Apple_Watch_Series_11_46mm_Jet_Black_Aluminum_Black_Sport_Band_34FR_Screen__USEN.png?v=1757657226,active
Apple Watch Series 11 GPS + Cellular 46MM Jet Black Aluminium Case with Black Sport Band - S/M,MFC24AF/A,https://cdn.shopify.com/s/files/1/0571/8340/4192/files/Apple_Watch_Series_11_46mm_Jet_Black_Aluminum_Black_Sport_Band_34FR_Screen__USEN.png?v=1757657226,active
Apple Watch Series 11 GPS + Cellular  42MM Gold Titanium case with Gold Milanese Loop,MF8Y4AF/A,https://cdn.shopify.com/s/files/1/0571/8340/4192/files/Apple_Watch_Series_11_42mm_Gold_Titanium_Gold_Milanese_Loop_34FR_Screen__WWEN.png?v=1757657554,active
Apple Watch Series 11 GPS + Cellular  42MM Gold Titanium case with Light Blush Sport Band - M/L,MF8X4AF/A,https://cdn.shopify.com/s/files/1/0571/8340/4192/files/Apple_Watch_Series_11_42mm_Gold_Titanium_Light_Blush_Sport_Band_34FR_Screen__WWEN.png?v=1757656587,active
Apple Watch Series 11 GPS + Cellular  42MM Gold Titanium case with Light Blush Sport Band - S/M,MF8W4AF/A,https://cdn.shopify.com/s/files/1/0571/8340/4192/files/Apple_Watch_Series_11_42mm_Gold_Titanium_Light_Blush_Sport_Band_34FR_Screen__WWEN.png?v=1757656587,active
Apple Watch Series 11 GPS + Cellular  42MM Slate Titanium case with Slate Milanese Loop,MF8U4AF/A,https://cdn.shopify.com/s/files/1/0571/8340/4192/files/Apple_Watch_Series_11_42mm_Slate_Titanium_Slate_Milanese_Loop_34FR_Screen__WWEN.png?v=1757656668,active
Apple Watch Series 11 GPS + Cellular  42MM Slate Titanium case with Black Sport band - M/L,MF8T4AF/A,https://cdn.shopify.com/s/files/1/0571/8340/4192/files/Apple_Watch_Series_11_46mm_Slate_Titanium_Black_Sport_Band_34FR_Screen__WWEN.png?v=1757656830,active
Apple Watch Series 11 GPS + Cellular  42MM Slate Titanium case with Black Sport band - S/M,MF8R4AF/A,https://cdn.shopify.com/s/files/1/0571/8340/4192/files/Apple_Watch_Series_11_46mm_Slate_Titanium_Black_Sport_Band_34FR_Screen__WWEN.png?v=1757656830,active
Apple Watch Series 11 GPS + Cellular  42MM Natural Titanium Case with Natural Milanese Loop,MF8P4AF/A,https://cdn.shopify.com/s/files/1/0571/8340/4192/files/Apple_Watch_Series_11_42mm_Natural_Titanium_Natural_Milanese_Loop_34FR_Screen__WWEN.png?v=1757656874,active
Apple Watch Series 11 GPS + Cellular  42MM Natural Titanium Case with Stone Grey Sport Band - M/L,MF8N4AF/A,https://cdn.shopify.com/s/files/1/0571/8340/4192/files/Apple_Watch_Series_11_46mm_Natural_Titanium_Stone_Gray_Sport_Band_34FR_Screen__WWEN.png?v=1757656999,active
Apple Watch Series 11 GPS + Cellular  42MM Natural Titanium Case with Stone Grey Sport Band - S/M,MF8M4AF/A,https://cdn.shopify.com/s/files/1/0571/8340/4192/files/Apple_Watch_Series_11_46mm_Natural_Titanium_Stone_Gray_Sport_Band_34FR_Screen__WWEN.png?v=1757656999,active
Apple Watch Series 11 GPS + Cellular  42MM Silver Aluminium Case with Purple Fog Sport Band - M/L,MF8J4AF/A,https://cdn.shopify.com/s/files/1/0571/8340/4192/files/Apple_Watch_Series_11_42mm_Silver_Aluminum_Purple_Fog_Sport_Band_34FR_Screen__USEN_311abc30-6f26-4824-8110-d90a6c8fe0b7.png?v=1757657046,active
Apple Watch Series 11 GPS + Cellular  42MM Rose Gold Aluminium Case with Ligth Blush Sport Band - M/L,MF8F4AF/A,https://cdn.shopify.com/s/files/1/0571/8340/4192/files/Apple_Watch_Series_11_42mm_Rose_Gold_Aluminum_Light_Blush_Sport_Band_34FR_Screen__USEN.png?v=1757656358,active
Apple Watch Series 11 GPS + Cellular  42MM Rose Gold Aluminium Case with Ligth Blush Sport Band - S/M,MF8E4AF/A,https://cdn.shopify.com/s/files/1/0571/8340/4192/files/Apple_Watch_Series_11_42mm_Rose_Gold_Aluminum_Light_Blush_Sport_Band_34FR_Screen__USEN.png?v=1757656358,active
Apple Watch Series 11 GPS + Cellular  42MM Space Grey Aluminium Case with Black Sport Band - M/L,MF8C4AF/A,https://cdn.shopify.com/s/files/1/0571/8340/4192/files/Apple_Watch_Series_11_42mm_Space_Gray_Aluminum_Black_Sport_Band_34FR_Screen__USEN.png?v=1757657093,active
Apple Watch Series 11 GPS + Cellular  42MM Space Grey Aluminium Case with Black Sport Band - S/M,MF8A4AF/A,https://cdn.shopify.com/s/files/1/0571/8340/4192/files/Apple_Watch_Series_11_42mm_Space_Gray_Aluminum_Black_Sport_Band_34FR_Screen__USEN.png?v=1757657093,active
Apple Watch Series 11 GPS + Cellular  42MM Jet Black Aluminium Case with Black Sport Band - M/L,MF854AF/A,https://cdn.shopify.com/s/files/1/0571/8340/4192/files/Apple_Watch_Series_11_46mm_Jet_Black_Aluminum_Black_Sport_Band_34FR_Screen__USEN.png?v=1757657226,active
Apple Watch Series 11 GPS + Cellular 42MM Jet Black Aluminium Case with Black Sport Band - S/M,MF834AF/A,https://cdn.shopify.com/s/files/1/0571/8340/4192/files/Apple_Watch_Series_11_46mm_Jet_Black_Aluminum_Black_Sport_Band_34FR_Screen__USEN.png?v=1757657226,active
Apple Watch Series 11 GPS 46MM Silver Aluminium Case with Purple Fog Sport Band - M/L,MEVA4AF/A,https://cdn.shopify.com/s/files/1/0571/8340/4192/files/Apple_Watch_Series_11_42mm_Silver_Aluminum_Purple_Fog_Sport_Band_34FR_Screen__USEN.png?v=1757656296,active
Apple Watch Series 11 GPS 46MM Silver Aluminium Case with Purple Fog Sport Band - S/M,MEV94AF/A,https://cdn.shopify.com/s/files/1/0571/8340/4192/files/Apple_Watch_Series_11_42mm_Silver_Aluminum_Purple_Fog_Sport_Band_34FR_Screen__USEN.png?v=1757656296,active
Apple Watch Series 11 GPS 46MM Rose Gold Aluminium Case with Ligth Blush Sport Band - M/L,MEV74AF/A,https://cdn.shopify.com/s/files/1/0571/8340/4192/files/Apple_Watch_Series_11_42mm_Rose_Gold_Aluminum_Light_Blush_Sport_Band_34FR_Screen__USEN.png?v=1757656358,active
Apple Watch Series 11 GPS 46MM Space Grey Aluminium Case with Black Sport Band - M/L,MEV44AF/A,https://cdn.shopify.com/s/files/1/0571/8340/4192/files/Apple_Watch_Series_11_42mm_Space_Gray_Aluminum_Black_Sport_Band_34FR_Screen__USEN.png?v=1757657093,active
Apple Watch Series 11 GPS 46MM Space Grey Aluminium Case with Black Sport Band - S/M,MEV04AF/A,https://cdn.shopify.com/s/files/1/0571/8340/4192/files/Apple_Watch_Series_11_42mm_Space_Gray_Aluminum_Black_Sport_Band_34FR_Screen__USEN.png?v=1757657093,active
Apple Watch Series 11 GPS 46MM Jet Black Aluminium Case with Black Sport Band - M/L,MEUX4AF/A,https://cdn.shopify.com/s/files/1/0571/8340/4192/files/Apple_Watch_Series_11_46mm_Jet_Black_Aluminum_Black_Sport_Band_34FR_Screen__USEN.png?v=1757657226,active
Apple Watch Series 11 GPS 46MM Jet Black Aluminium Case with Black Sport Band - S/M,MEUW4AF/A,https://cdn.shopify.com/s/files/1/0571/8340/4192/files/Apple_Watch_Series_11_46mm_Jet_Black_Aluminum_Black_Sport_Band_34FR_Screen__USEN.png?v=1757657226,active
Apple Watch Series 11 GPS 42MM Silver Aluminium Case with Purple Fog Sport Band - M/L,MEU74AF/A,https://cdn.shopify.com/s/files/1/0571/8340/4192/files/Apple_Watch_Series_11_42mm_Silver_Aluminum_Purple_Fog_Sport_Band_34FR_Screen__USEN.png?v=1757656296,active
Apple Watch Series 11 GPS 42MM Silver Aluminium Case with Purple Fog Sport Band - S/M,MEU64AF/A,https://cdn.shopify.com/s/files/1/0571/8340/4192/files/Apple_Watch_Series_11_42mm_Silver_Aluminum_Purple_Fog_Sport_Band_34FR_Screen__USEN.png?v=1757656296,active
Apple Watch Series 11 GPS 42MM Rose Gold Aluminium Case with Ligth Blush Sport Band - M/L,MEU44AF/A,https://cdn.shopify.com/s/files/1/0571/8340/4192/files/Apple_Watch_Series_11_42mm_Rose_Gold_Aluminum_Light_Blush_Sport_Band_34FR_Screen__USEN.png?v=1757656358,active
Apple Watch Series 11 GPS 42MM Rose Gold Aluminium Case with Ligth Blush Sport Band - S/M,MEU04AF/A,https://cdn.shopify.com/s/files/1/0571/8340/4192/files/Apple_Watch_Series_11_42mm_Rose_Gold_Aluminum_Light_Blush_Sport_Band_34FR_Screen__USEN.png?v=1757656358,active
Apple Watch Series 11 GPS 42MM Space Grey Aluminium Case with Black Sport Band - M/L,MEQX4AF/A,https://cdn.shopify.com/s/files/1/0571/8340/4192/files/Apple_Watch_Series_11_42mm_Space_Gray_Aluminum_Black_Sport_Band_34FR_Screen__USEN.png?v=1757657093,active
Apple Watch Series 11 GPS 42MM Space Grey Aluminium Case with Black Sport Band - S/M,MEQW4AF/A,https://cdn.shopify.com/s/files/1/0571/8340/4192/files/Apple_Watch_Series_11_42mm_Space_Gray_Aluminum_Black_Sport_Band_34FR_Screen__USEN.png?v=1757657093,active
Apple Watch Series 11 GPS 42MM Jet Black Aluminium Case with Black Sport Band - M/L,MEQU4AF/A,https://cdn.shopify.com/s/files/1/0571/8340/4192/files/Apple_Watch_Series_11_46mm_Jet_Black_Aluminum_Black_Sport_Band_34FR_Screen__USEN.png?v=1757657226,active
Apple Watch SE 3 GPS + Cellular 44MM Midnight Aluminium Case with Midnight Sport Band - M/L,MEPJ4AF/A,https://cdn.shopify.com/s/files/1/0571/8340/4192/files/Apple_Watch_SE_3_40mm_Non_5G_LTE_Midnight_Aluminum_Sport_Band_Midnight_PDP_Image_Position_1__WWEN.jpg?v=1757660389,active
Apple Watch SE 3 GPS + Cellular 44MM Midnight Aluminium Case with Midnight Sport Band - S/M,MEPH4AF/A,https://cdn.shopify.com/s/files/1/0571/8340/4192/files/Apple_Watch_SE_3_40mm_Non_5G_LTE_Midnight_Aluminum_Sport_Band_Midnight_PDP_Image_Position_1__WWEN.jpg?v=1757660389,active
Apple Watch SE 3 GPS  + Cellular 44MM Starlight Aluminium Case with Starlight Sport Band - M/L,MEPF4AF/A,https://cdn.shopify.com/s/files/1/0571/8340/4192/files/Apple_Watch_SE_3_40mm_Non_5G_LTE_Starlight_Aluminum_Sport_Band_Starlight_PDP_Image_Position_1__WWEN.jpg?v=1757660495,active
Apple Watch SE 3 GPS  + Cellular 44MM Starlight Aluminium Case with Starlight Sport Band - S/M,MEPE4AF/A,https://cdn.shopify.com/s/files/1/0571/8340/4192/files/Apple_Watch_SE_3_40mm_Non_5G_LTE_Starlight_Aluminum_Sport_Band_Starlight_PDP_Image_Position_1__WWEN.jpg?v=1757660495,active
Apple Watch SE 3 GPS + Cellular 40MM Midnight Aluminium Case with Midnight Sport Band - M/L,MEPC4AF/A,https://cdn.shopify.com/s/files/1/0571/8340/4192/files/Apple_Watch_SE_3_40mm_Non_5G_LTE_Midnight_Aluminum_Sport_Band_Midnight_PDP_Image_Position_1__WWEN.jpg?v=1757660389,active
Apple Watch SE 3 GPS + Cellular 40MM Midnight Aluminium Case with Midnight Sport Band - S/M,MEP94AF/A,https://cdn.shopify.com/s/files/1/0571/8340/4192/files/Apple_Watch_SE_3_40mm_Non_5G_LTE_Midnight_Aluminum_Sport_Band_Midnight_PDP_Image_Position_1__WWEN.jpg?v=1757660389,active
Apple Watch SE 3 GPS  + Cellular 40MM Starlight Aluminium Case with Starlight Sport Band - M/L,MEP74AF/A,https://cdn.shopify.com/s/files/1/0571/8340/4192/files/Apple_Watch_SE_3_40mm_Non_5G_LTE_Starlight_Aluminum_Sport_Band_Starlight_PDP_Image_Position_1__WWEN.jpg?v=1757660495,active
Apple Watch SE 3 GPS  + Cellular 40MM Starlight Aluminium Case with Starlight Sport Band - S/M,MEP64AF/A,https://cdn.shopify.com/s/files/1/0571/8340/4192/files/Apple_Watch_SE_3_40mm_Non_5G_LTE_Starlight_Aluminum_Sport_Band_Starlight_PDP_Image_Position_1__WWEN.jpg?v=1757660495,active
Apple Watch SE 3 GPS 44MM Midnight Aluminium Case with Midnight Sport Band - M/L,MEHQ4AF/A,https://cdn.shopify.com/s/files/1/0571/8340/4192/files/Apple_Watch_SE_3_40mm_Non_5G_LTE_Midnight_Aluminum_Sport_Band_Midnight_PDP_Image_Position_1__WWEN.jpg?v=1757660389,active
Apple Watch SE 3 GPS 44MM Midnight Aluminium Case with Midnight Sport Band - S/M,MEHN4AF/A,https://cdn.shopify.com/s/files/1/0571/8340/4192/files/Apple_Watch_SE_3_40mm_Non_5G_LTE_Midnight_Aluminum_Sport_Band_Midnight_PDP_Image_Position_1__WWEN.jpg?v=1757660389,active
Apple Watch SE 3 GPS 44MM Starlight Aluminium Case with Starlight Sport Band -M/L,MEHJ4AF/A,https://cdn.shopify.com/s/files/1/0571/8340/4192/files/Apple_Watch_SE_3_40mm_Non_5G_LTE_Starlight_Aluminum_Sport_Band_Starlight_PDP_Image_Position_1__WWEN.jpg?v=1757660495,active
Apple Watch SE 3 GPS 44MM Starlight Aluminium Case with Starlight Sport Band - S/M,MEHG4AF/A,https://cdn.shopify.com/s/files/1/0571/8340/4192/files/Apple_Watch_SE_3_40mm_Non_5G_LTE_Starlight_Aluminum_Sport_Band_Starlight_PDP_Image_Position_1__WWEN.jpg?v=1757660495,active
Apple Watch SE 3 GPS 40MM Midnight Aluminium Case with Midnight Sport Band - M/L,MEHC4AF/A,https://cdn.shopify.com/s/files/1/0571/8340/4192/files/Apple_Watch_SE_3_40mm_Non_5G_LTE_Midnight_Aluminum_Sport_Band_Midnight_PDP_Image_Position_1__WWEN.jpg?v=1757660389,active
Apple Watch SE 3 GPS 40MM Midnight Aluminium Case with Midnight Sport Band - S/M,MEH94AF/A,https://cdn.shopify.com/s/files/1/0571/8340/4192/files/Apple_Watch_SE_3_40mm_Non_5G_LTE_Midnight_Aluminum_Sport_Band_Midnight_PDP_Image_Position_1__WWEN.jpg?v=1757660389,active
Apple Watch SE 3 GPS 40MM Starlight Aluminium Case with Starlight Sport Band -M/L,MEH54AF/A,https://cdn.shopify.com/s/files/1/0571/8340/4192/files/Apple_Watch_SE_3_40mm_Non_5G_LTE_Starlight_Aluminum_Sport_Band_Starlight_PDP_Image_Position_1__WWEN.jpg?v=1757660495,active
Apple Watch SE 3 GPS 40MM Starlight Aluminium Case with Starlight Sport Band - S/M,MEH34AF/A,https://cdn.shopify.com/s/files/1/0571/8340/4192/files/Apple_Watch_SE_3_40mm_Non_5G_LTE_Starlight_Aluminum_Sport_Band_Starlight_PDP_Image_Position_1__WWEN.jpg?v=1757660495,active
Apple Watch Ultra 3 |  GPS + Cellular 49MM | Black Titanium Case with Black Alpine Loop - Large,MF0X4AF/A,https://cdn.shopify.com/s/files/1/0571/8340/4192/files/Apple_Watch_Ultra_3_49mm_LTE_Black_Titanium_Alpine_Loop_Black_No_Satellite_PDP_Image_Position_1__WWEN.jpg?v=1757584305,active
Apple Watch Series 11 GPS 42MM Jet Black Aluminium Case with Black Sport Band - S/M,MEQT4AF/A,https://cdn.shopify.com/s/files/1/0571/8340/4192/files/Apple_Watch_Series_11_46mm_Jet_Black_Aluminum_Black_Sport_Band_34FR_Screen__USEN.png?v=1757657226,active
Apple Watch Ultra 3 |  GPS + Cellular 49MM | Black Titanium Case with Black Titanium Milanese Loop - Large,MF1T4AF/A,https://cdn.shopify.com/s/files/1/0571/8340/4192/files/Apple_Watch_Ultra_3_49mm_LTE_Black_Titanium_Milanese_Loop_Black_No_Satellite_PDP_Image_Position_1__WWEN.jpg?v=1757584233,active
Apple Watch Ultra 3 |  GPS + Cellular 49MM | Black Titanium Case with Black Titanium Milanese Loop - Medium,MF1Q4AF/A,https://cdn.shopify.com/s/files/1/0571/8340/4192/files/Apple_Watch_Ultra_3_49mm_LTE_Black_Titanium_Milanese_Loop_Black_No_Satellite_PDP_Image_Position_1__WWEN.jpg?v=1757584233,active
Apple Watch Ultra 3 |  GPS + Cellular 49MM | Black Titanium Case with Black Titanium Milanese Loop - Small,MF1N4AF/A,https://cdn.shopify.com/s/files/1/0571/8340/4192/files/Apple_Watch_Ultra_3_49mm_LTE_Black_Titanium_Milanese_Loop_Black_No_Satellite_PDP_Image_Position_1__WWEN.jpg?v=1757584233,active
Apple Watch Ultra 3 |  GPS + Cellular 49MM | Black Titanium Case with Black /Charcoal Trail Loop - M/L,MF1H4AF/A,https://cdn.shopify.com/s/files/1/0571/8340/4192/files/Apple_Watch_Ultra_3_49mm_LTE_Black_Titanium_Trail_Loop_Charcoal_No_Satellite_PDP_Image_Position_1__WWEN.jpg?v=1757584283,active
Apple Watch Ultra 3 |  GPS + Cellular 49MM | Black Titanium Case with Black /Charcoal Trail Loop - S/M,MF1D4AF/A,https://cdn.shopify.com/s/files/1/0571/8340/4192/files/Apple_Watch_Ultra_3_49mm_LTE_Black_Titanium_Trail_Loop_Charcoal_No_Satellite_PDP_Image_Position_1__WWEN.jpg?v=1757584283,active
Apple Watch Ultra 3 |  GPS + Cellular 49MM | Black Titanium Case with Black Alpine Loop - Medium,MF0V4AF/A,https://cdn.shopify.com/s/files/1/0571/8340/4192/files/Apple_Watch_Ultra_3_49mm_LTE_Black_Titanium_Alpine_Loop_Black_No_Satellite_PDP_Image_Position_1__WWEN.jpg?v=1757584305,active
Apple Watch Ultra 3 |  GPS + Cellular 49MM | Black Titanium Case with Black Alpine Loop - Small,MF0Q4AF/A,https://cdn.shopify.com/s/files/1/0571/8340/4192/files/Apple_Watch_Ultra_3_49mm_LTE_Black_Titanium_Alpine_Loop_Black_No_Satellite_PDP_Image_Position_1__WWEN.jpg?v=1757584305,active
Apple Watch Ultra 3 |  GPS + Cellular 49MM | Black Titanium Case with Black Ocean Band,MF0J4AF/A,https://cdn.shopify.com/s/files/1/0571/8340/4192/files/Apple_Watch_Ultra_3_49mm_LTE_Black_Titanium_Ocean_Band_Black_No_Satellite_PDP_Image_Position_1__WWEN.jpg?v=1757584324,active
Apple Watch Ultra 3 |  GPS + Cellular 49MM | Natural Titanium Case With Natural Titanium Milanese Loop - Large,MF0E4AF/A,https://cdn.shopify.com/s/files/1/0571/8340/4192/files/Apple_Watch_Ultra_3_49mm_LTE_Natural_Titanium_Milanese_Loop_Natural_PDP_Image_Position_1__WWEN.jpg?v=1757584348,active
Apple Watch Ultra 3 |  GPS + Cellular 49MM | Natural Titanium Case With Natural Titanium Milanese Loop - Medium,MEWY4AF/A,https://cdn.shopify.com/s/files/1/0571/8340/4192/files/Apple_Watch_Ultra_3_49mm_LTE_Natural_Titanium_Milanese_Loop_Natural_PDP_Image_Position_1__WWEN.jpg?v=1757584348,active
Apple Watch Ultra 3 |  GPS + Cellular 49MM | Natural Titanium Case With Natural Titanium Milanese Loop - Small,MEWW4AF/A,https://cdn.shopify.com/s/files/1/0571/8340/4192/files/Apple_Watch_Ultra_3_49mm_LTE_Natural_Titanium_Milanese_Loop_Natural_PDP_Image_Position_1__WWEN.jpg?v=1757584348,active
Apple Watch Ultra 3 |  GPS + Cellular 49MM | Natural Titanium Case With Blue/Bright Blue Trail Loop - M/L,MEWU4AF/A,https://cdn.shopify.com/s/files/1/0571/8340/4192/files/Apple_Watch_Ultra_3_49mm_LTE_Natural_Titanium_Trail_Loop_Blue_Bright-Blue_PDP_Image_Position_1__WWEN.jpg?v=1757584392,active
Apple Watch Ultra 3 |  GPS + Cellular 49MM | Natural Titanium Case With Blue/Bright Blue Trail Loop - S/M,MEWR4AF/A,https://cdn.shopify.com/s/files/1/0571/8340/4192/files/Apple_Watch_Ultra_3_49mm_LTE_Natural_Titanium_Trail_Loop_Blue_Bright-Blue_PDP_Image_Position_1__WWEN.jpg?v=1757584392,active
Apple Watch Ultra 3 |  GPS + Cellular 49MM | Natural Titanium Case With Light blue Alpine Loop - Large,MEWP4AF/A,https://cdn.shopify.com/s/files/1/0571/8340/4192/files/Apple_Watch_Ultra_3_49mm_LTE_Natural_Titanium_Alpine_Loop_Light_Blue_PDP_Image_Position_1__WWEN.jpg?v=1757584494,active
Apple Watch Ultra 3 |  GPS + Cellular 49MM | Natural Titanium Case With Light blue Alpine Loop - Medium,MEWM4AF/A,https://cdn.shopify.com/s/files/1/0571/8340/4192/files/Apple_Watch_Ultra_3_49mm_LTE_Natural_Titanium_Alpine_Loop_Light_Blue_PDP_Image_Position_1__WWEN.jpg?v=1757584494,active
Apple Watch Ultra 3 |  GPS + Cellular 49MM | Natural Titanium Case With Light blue Alpine Loop - Small,MEWK4AF/A,https://cdn.shopify.com/s/files/1/0571/8340/4192/files/Apple_Watch_Ultra_3_49mm_LTE_Natural_Titanium_Alpine_Loop_Light_Blue_PDP_Image_Position_1__WWEN.jpg?v=1757584494,active
Apple Watch Ultra 3 |  GPS + Cellular 49MM | Natural Titanium Case With Anchor Blue Ocean Band,MEWH4AF/A,https://cdn.shopify.com/s/files/1/0571/8340/4192/files/Apple_Watch_Ultra_3_49mm_LTE_Natural_Titanium_Ocean_Band_Anchor_Blue_PDP_Image_Position_1__WWEN.jpg?v=1757584532,active
iPhone 17 - White - 256GB,MG6K4AF/A,https://cdn.shopify.com/s/files/1/0571/8340/4192/files/iPhone_17_White_PDP_Image_Position_1__WWEN.jpg?v=1757577221,active
iPhone 17 Pro - Deep Blue - 1TB,MG8R4AF/A,https://cdn.shopify.com/s/files/1/0571/8340/4192/files/iPhone_17_Pro_Deep_Blue_PDP_Image_Position_1__WWEN.jpg?v=1757576590,active
iPhone 17 Pro - Cosmic Orange - 1TB,MG8Q4AF/A,https://cdn.shopify.com/s/files/1/0571/8340/4192/files/iPhone_17_Pro_Cosmic_Orange_PDP_Image_Position_1__WWEN.jpg?v=1757576702,active
iPhone 17 Pro - Silver - 1TB,MG8P4AF/A,https://cdn.shopify.com/s/files/1/0571/8340/4192/files/iPhone_17_Pro_Silver_PDP_Image_Position_1__WWEN.jpg?v=1757576725,active
iPhone 17 Pro - Deep Blue - 512GB,MG8N4AF/A,https://cdn.shopify.com/s/files/1/0571/8340/4192/files/iPhone_17_Pro_Deep_Blue_PDP_Image_Position_1__WWEN.jpg?v=1757576590,active
iPhone 17 Pro - Cosmic Orange - 512GB,MG8M4AF/A,https://cdn.shopify.com/s/files/1/0571/8340/4192/files/iPhone_17_Pro_Cosmic_Orange_PDP_Image_Position_1__WWEN.jpg?v=1757576702,active
iPhone 17 Pro - Silver - 512GB,MG8K4AF/A,https://cdn.shopify.com/s/files/1/0571/8340/4192/files/iPhone_17_Pro_Silver_PDP_Image_Position_1__WWEN.jpg?v=1757576725,active
iPhone 17 Pro - Deep Blue - 256GB,MG8J4AF/A,https://cdn.shopify.com/s/files/1/0571/8340/4192/files/iPhone_17_Pro_Deep_Blue_PDP_Image_Position_1__WWEN.jpg?v=1757576590,active
iPhone 17 Pro - Cosmic Orange - 256GB,MG8H4AF/A,https://cdn.shopify.com/s/files/1/0571/8340/4192/files/iPhone_17_Pro_Cosmic_Orange_PDP_Image_Position_1__WWEN.jpg?v=1757576702,active
iPhone 17 Pro - Silver - 256GB,MG8G4AF/A,https://cdn.shopify.com/s/files/1/0571/8340/4192/files/iPhone_17_Pro_Silver_PDP_Image_Position_1__WWEN.jpg?v=1757576725,active
iPhone 17 - Sage - 512GB,MG6V4AF/A,https://cdn.shopify.com/s/files/1/0571/8340/4192/files/iPhone_17_Sage_PDP_Image_Position_1__WWEN.jpg?v=1757577269,active
iPhone 17 -Lavender - 512GB,MG6U4AF/A,https://cdn.shopify.com/s/files/1/0571/8340/4192/files/iPhone_17_Lavender_PDP_Image_Position_1__WWEN.jpg?v=1757577313,active
iPhone 17 - Mist Blue - 512GB,MG6T4AF/A,https://cdn.shopify.com/s/files/1/0571/8340/4192/files/iPhone_17_Mist_Blue_PDP_Image_Position_1__WWEN.jpg?v=1757577361,active
iPhone 17 - White - 512GB,MG6Q4AF/A,https://cdn.shopify.com/s/files/1/0571/8340/4192/files/iPhone_17_White_PDP_Image_Position_1__WWEN.jpg?v=1757577221,active
iPhone 17 - Black - 512GB,MG6P4AF/A,https://cdn.shopify.com/s/files/1/0571/8340/4192/files/iPhone_17_Black_PDP_Image_Position_1__WWEN.jpg?v=1757577390,active
iPhone 17 -Sage - 256GB,MG6N4AF/A,https://cdn.shopify.com/s/files/1/0571/8340/4192/files/iPhone_17_Sage_PDP_Image_Position_1__WWEN.jpg?v=1757577269,active
iPhone 17 Lavender 256GB,MG6M4AF/A,https://cdn.shopify.com/s/files/1/0571/8340/4192/files/iPhone_17_Lavender_PDP_Image_Position_1__WWEN.jpg?v=1757577313,active
iPhone 17 - Mist Blue - 256GB,MG6L4AF/A,https://cdn.shopify.com/s/files/1/0571/8340/4192/files/iPhone_17_Mist_Blue_PDP_Image_Position_1__WWEN.jpg?v=1757577361,active
iPhone 17 - Black - 256GB,MG6J4AF/A,https://cdn.shopify.com/s/files/1/0571/8340/4192/files/iPhone_17_Black_PDP_Image_Position_1__WWEN.jpg?v=1757577390,active
iPhone Air Sky Blue - 512GB,MG2V4AF/A,https://cdn.shopify.com/s/files/1/0571/8340/4192/files/iPhone_Air_Sky_Blue_PDP_Image_Position_1__WWEN.jpg?v=1757577991,active
iPhone Air Cloud White - 512GB,MG2T4AF/A,https://cdn.shopify.com/s/files/1/0571/8340/4192/files/iPhone_Air_Cloud_White_PDP_Image_Position_1__WWEN.jpg?v=1757578095,active
iPhone Air Space Black - 512GB,MG2Q4AF/A,https://cdn.shopify.com/s/files/1/0571/8340/4192/files/iPhone_Air_Space_Black_PDP_Image_Position_1__WWEN.jpg?v=1757578219,active
iPhone Air Sky Blue - 256GB,MG2P4AF/A,https://cdn.shopify.com/s/files/1/0571/8340/4192/files/iPhone_Air_Sky_Blue_PDP_Image_Position_1__WWEN.jpg?v=1757577991,active
iPhone Air Light Gold- 256GB,MG2N4AF/A,https://cdn.shopify.com/s/files/1/0571/8340/4192/files/iPhone_Air_Light_Gold_PDP_Image_Position_1__WWEN.jpg?v=1757578073,active
iPhone Air Cloud White - 256GB,MG2M4AF/A,https://cdn.shopify.com/s/files/1/0571/8340/4192/files/iPhone_Air_Cloud_White_PDP_Image_Position_1__WWEN.jpg?v=1757578095,active
iPhone Air Space Black - 256GB,MG2L4AF/A,https://cdn.shopify.com/s/files/1/0571/8340/4192/files/iPhone_Air_Space_Black_PDP_Image_Position_1__WWEN.jpg?v=1757578219,active
iPhone 17 Pro Max - Deep Blue - 2TB,MG014AF/A,https://cdn.shopify.com/s/files/1/0571/8340/4192/files/iPhone_17_Pro_Max_Deep_Blue_PDP_Image_Position_1__WWEN.jpg?v=1757575711,active
iPhone 17 Pro Max - Cosmic Orange - 2TB,MG004AF/A,https://cdn.shopify.com/s/files/1/0571/8340/4192/files/iPhone_17_Pro_Max_Cosmic_Orange_PDP_Image_Position_1__WWEN.jpg?v=1757575908,active
iPhone 17 Pro Max - Silver - 2TB,MFYY4AF/A,https://cdn.shopify.com/s/files/1/0571/8340/4192/files/iPhone_17_Pro_Max_Silver_PDP_Image_Position_1__WWEN.jpg?v=1757575938,active
iPhone 17 Pro Max - Deep Blue - 1TB-,MFYX4AF/A,https://cdn.shopify.com/s/files/1/0571/8340/4192/files/iPhone_17_Pro_Max_Deep_Blue_PDP_Image_Position_1__WWEN.jpg?v=1757575711,active
iPhone 17 Pro Max - Cosmic Orange - 1TB,MFYW4AF/A,https://cdn.shopify.com/s/files/1/0571/8340/4192/files/iPhone_17_Pro_Max_Cosmic_Orange_PDP_Image_Position_1__WWEN.jpg?v=1757575908,active
iPhone 17 Pro Max - Silver - 1TB,MFYV4AF/A,https://cdn.shopify.com/s/files/1/0571/8340/4192/files/iPhone_17_Pro_Max_Silver_PDP_Image_Position_1__WWEN.jpg?v=1757575938,active
iPhone 17 Pro Max - Deep Blue - 512GB,MFYU4AF/A,https://cdn.shopify.com/s/files/1/0571/8340/4192/files/iPhone_17_Pro_Max_Deep_Blue_PDP_Image_Position_1__WWEN.jpg?v=1757575711,active
iPhone 17 Pro Max - Cosmic Orange - 512GB-,MFYT4AF/A,https://cdn.shopify.com/s/files/1/0571/8340/4192/files/iPhone_17_Pro_Max_Cosmic_Orange_PDP_Image_Position_1__WWEN.jpg?v=1757575908,active
iPhone 17 Pro Max - Silver 512GB,MFYQ4AF/A,https://cdn.shopify.com/s/files/1/0571/8340/4192/files/iPhone_17_Pro_Max_Silver_PDP_Image_Position_1__WWEN.jpg?v=1757575938,active
iPhone 17 Pro Max - Deep Blue - 256GB,MFYP4AF/A,https://cdn.shopify.com/s/files/1/0571/8340/4192/files/iPhone_17_Pro_Max_Deep_Blue_PDP_Image_Position_1__WWEN.jpg?v=1757575711,active
iPhone 17 Pro Max - Cosmic Orange - 256GB,MFYN4AF/A,https://cdn.shopify.com/s/files/1/0571/8340/4192/files/iPhone_17_Pro_Max_Cosmic_Orange_PDP_Image_Position_1__WWEN.jpg?v=1757575908,active
iPhone 17 Pro Max - Silver - 256GB,MFYM4AF/A,https://cdn.shopify.com/s/files/1/0571/8340/4192/files/iPhone_17_Pro_Max_Silver_PDP_Image_Position_1__WWEN.jpg?v=1757575938,active
ClearSafe MagSafe iPhone 17 Pro Max,MO-17PM55-MSCL,https://cdn.shopify.com/s/files/1/0571/8340/4192/files/MO-17PM55-MSCL_1.png?v=1758282680,active
DJI Mic Mini (2 TX + 1 RX + Charging Case),CP.RN.00000433.01,https://cdn.shopify.com/s/files/1/0571/8340/4192/files/djimic_1.jpg?v=1756273766,active
DJI Neo,CP.FP.00000184.01,https://cdn.shopify.com/s/files/1/0571/8340/4192/files/dji_neo_from_above.jpg?v=1755594784,active
DJI Neo Two-Way Charging Hub,CP.FP.00000188.01,https://cdn.shopify.com/s/files/1/0571/8340/4192/files/dji_neo_two-way_charging_hub_7.webp?v=1753422122,active
Moov Soft Touch MagSafe Case for iPhone 16 Pro - Black,MO-16PR31-MSLK,https://cdn.shopify.com/s/files/1/0571/8340/4192/files/16_pro-black_6__jpg.webp?v=1753278259,active
reloved iPhone 12 Pro 128GB Blue,SUNMGMN3PLG-A,https://cdn.shopify.com/s/files/1/0571/8340/4192/files/PacificBlue_b6192a9e-b7ac-43a7-816d-3009d0e0ae74.webp?v=1751367185,active
reloved iPhone 12 256GB White PLG,SUNMGJH3PLG-A,https://cdn.shopify.com/s/files/1/0571/8340/4192/files/12wht_2c46d287-756d-4ef5-99ac-01d2e488d9e8.png?v=1687787783,active
iPhone 12 64GB Blue - Pre-owned,SUNMGJ83PLG-A,https://cdn.shopify.com/s/files/1/0571/8340/4192/files/12blue_b33cf8b6-3ce5-495f-94b5-9e3c05194d37.png?v=1691051697,active
DJI Flip Fly More Combo (DJI RC 2),CP.FP.00000181.01,https://cdn.shopify.com/s/files/1/0571/8340/4192/files/dji_flip_fly_more_combo_batteries_inserted_2.webp?v=1750315840,active
DJI Mini 2 Intelligent Flight Battery,CP.MA.00000326.01,https://cdn.shopify.com/s/files/1/0571/8340/4192/files/dji_cp_ma_00000326_01_mini_2_intelligent_flight_1605541547_1605026.jpg?v=1748345999,active
DJI  Air 3S Fly More Combo  (DJI RC 2),CP.MA.00000816.01,https://cdn.shopify.com/s/files/1/0571/8340/4192/files/dji_air_3s_fly_more_combo_dji_rc_2__from_above_battery_detached_1.webp?v=1747637569,active
iPhone 12 Pro 256GB - Blue,SUNMGMT3PLG-A,https://cdn.shopify.com/s/files/1/0571/8340/4192/files/181102223-1200-1600.webp?v=1746624882,active
iPhone 12 256GB Black - Pre-owned,SUNMGJG3PLG-A,https://cdn.shopify.com/s/files/1/0571/8340/4192/files/iphone_12_pdp_image_position-2__en-us_4.webp?v=1746624714,active
DJI Osmo Mobile 7P,CP.OS.00000401.01,https://cdn.shopify.com/s/files/1/0571/8340/4192/files/osmo_mobile_7p_with_phone-5.webp?v=1743589792,active
Moov iPhone 15 Plus ClearSafe Case - Clear,MO-15PL55-CL,https://cdn.shopify.com/s/files/1/0571/8340/4192/files/iphone_15_plus.webp?v=1742793360,active
20W USB-C Power Adapter,MD3J4ZM/A,https://cdn.shopify.com/s/files/1/0571/8340/4192/files/20w-1.png?v=1716281524,active
Magic Keyboard - iPad Air 13-inch (M3) - International English - White,MDFW4Z/A,https://cdn.shopify.com/s/files/1/0571/8340/4192/files/magic_keyboard_for_ipad_air_13-in_pdp_image_position_2__en-us.webp?v=1742211605,active
Magic Keyboard - iPad Air 11-inch (M3) - International English - White,MDFV4Z/A,https://cdn.shopify.com/s/files/1/0571/8340/4192/files/MDFV4Z.jpg?v=1741343184,active
iPad (A16) Smart Folio Sky,MDEQ4ZM/A,https://cdn.shopify.com/s/files/1/0571/8340/4192/files/mdeq4.webp?v=1742211388,active
iPad (A16) Smart Folio Watermelon,MDEP4ZM/A,https://cdn.shopify.com/s/files/1/0571/8340/4192/files/mdep4.webp?v=1742211384,active
iPad (A16) Smart Folio Lemonade,MDEN4ZM/A,https://cdn.shopify.com/s/files/1/0571/8340/4192/files/mden4.webp?v=1742211380,active
iPad (A16) Smart Folio White,MDEJ4ZM/A,https://cdn.shopify.com/s/files/1/0571/8340/4192/files/mdej4.webp?v=1742211238,active
Mac Studio M3 Ultra with 28-core CPU and 60-core GPU | 96GB | 1TB SSD,MU973SO/A,https://cdn.shopify.com/s/files/1/0571/8340/4192/files/Mac_Studio_PDP_Image_Position_1__WWEN.png?v=1741347283,active
Mac Studio M4 Max with 14-core CPU and 32-core GPU | 36GB |512GB SSD,MU963SO/A,https://cdn.shopify.com/s/files/1/0571/8340/4192/files/Mac_Studio_PDP_Image_Position_1__WWEN.png?v=1741347283,active
11-inch iPad Wi-Fi + Cellular | 512GB - Pink,MD7T4QA/A,https://cdn.shopify.com/s/files/1/0571/8340/4192/files/iPad_A16_Cellular_Pink_PDP_Image_Position_1__WWEN.png?v=1741336954,active
11-inch iPad Wi-Fi + Cellular | 512GB - Yellow,MD7R4QA/A,https://cdn.shopify.com/s/files/1/0571/8340/4192/files/iPad_A16_Cellular_Yellow_PDP_Image_Position_1__WWEN.png?v=1741336945,active
11-inch iPad Wi-Fi + Cellular | 512GB - Blue,MD7Q4QA/A,https://cdn.shopify.com/s/files/1/0571/8340/4192/files/iPad_A16_Cellular_Blue_PDP_Image_Position_1__WWEN.png?v=1741336885,active
11-inch iPad Wi-Fi + Cellular | 512GB - Silver,MD7P4QA/A,https://cdn.shopify.com/s/files/1/0571/8340/4192/files/iPad_A16_Cellular_Silver_PDP_Image_Position_1__WWEN.png?v=1741336836,active
11-inch iPad Wi-Fi + Cellular | 256GB - Pink,MD7N4QA/A,https://cdn.shopify.com/s/files/1/0571/8340/4192/files/iPad_A16_Cellular_Pink_PDP_Image_Position_1__WWEN.png?v=1741336954,active
11-inch iPad Wi-Fi + Cellular | 256GB - Yellow,MD7M4QA/A,https://cdn.shopify.com/s/files/1/0571/8340/4192/files/iPad_A16_Cellular_Yellow_PDP_Image_Position_1__WWEN.png?v=1741336945,active
11-inch iPad Wi-Fi + Cellular | 256GB - Blue,MD7L4QA/A,https://cdn.shopify.com/s/files/1/0571/8340/4192/files/iPad_A16_Cellular_Blue_PDP_Image_Position_1__WWEN.png?v=1741336885,active
11-inch iPad Wi-Fi + Cellular | 256GB - Silver,MD7K4QA/A,https://cdn.shopify.com/s/files/1/0571/8340/4192/files/iPad_A16_Cellular_Silver_PDP_Image_Position_1__WWEN.png?v=1741336836,active
11-inch iPad Wi-Fi + Cellular | 128GB - Pink,MD7J4QA/A,https://cdn.shopify.com/s/files/1/0571/8340/4192/files/iPad_A16_Cellular_Pink_PDP_Image_Position_1__WWEN.png?v=1741336954,active
11-inch iPad Wi-Fi + Cellular | 128GB - Yellow,MD7H4QA/A,https://cdn.shopify.com/s/files/1/0571/8340/4192/files/iPad_A16_Cellular_Yellow_PDP_Image_Position_1__WWEN.png?v=1741336945,active
11-inch iPad Wi-Fi + Cellular | 128GB - Blue,MD7G4QA/A,https://cdn.shopify.com/s/files/1/0571/8340/4192/files/iPad_A16_Cellular_Blue_PDP_Image_Position_1__WWEN.png?v=1741336885,active
11-inch iPad Wi-Fi + Cellular | 128GB - Silver,MD7F4QA/A,https://cdn.shopify.com/s/files/1/0571/8340/4192/files/iPad_A16_Cellular_Silver_PDP_Image_Position_1__WWEN.png?v=1741336836,active
11-inch iPad Wi-Fi | 512GB - Pink,MD5C4QA/A,https://cdn.shopify.com/s/files/1/0571/8340/4192/files/iPad_A16_Cellular_Pink_PDP_Image_Position_1__WWEN.png?v=1741336954,active
11-inch iPad Wi-Fi | 512GB - Yellow,MD5A4QA/A,https://cdn.shopify.com/s/files/1/0571/8340/4192/files/iPad_A16_Cellular_Yellow_PDP_Image_Position_1__WWEN.png?v=1741336945,active
11-inch iPad Wi-Fi | 512GB - Blue,MD4Y4QA/A,https://cdn.shopify.com/s/files/1/0571/8340/4192/files/iPad_A16_Cellular_Blue_PDP_Image_Position_1__WWEN.png?v=1741336885,active
11-inch iPad Wi-Fi | 512GB - Silver,MD4Q4QA/A,https://cdn.shopify.com/s/files/1/0571/8340/4192/files/iPad_A16_Cellular_Silver_PDP_Image_Position_1__WWEN.png?v=1741336836,active
11-inch iPad Wi-Fi | 256GB -Pink,MD4P4QA/A,https://cdn.shopify.com/s/files/1/0571/8340/4192/files/iPad_A16_Cellular_Pink_PDP_Image_Position_1__WWEN.png?v=1741336954,active
11-inch iPad Wi-Fi | 256GB - Yellow,MD4J4QA/A,https://cdn.shopify.com/s/files/1/0571/8340/4192/files/iPad_A16_Cellular_Yellow_PDP_Image_Position_1__WWEN.png?v=1741336945,active
11-inch iPad Wi-Fi | 256GB - Blue,MD4H4QA/A,https://cdn.shopify.com/s/files/1/0571/8340/4192/files/iPad_A16_Cellular_Blue_PDP_Image_Position_1__WWEN.png?v=1741336885,active
11-inch iPad Wi-Fi | 256GB - Silver,MD4G4QA/A,https://cdn.shopify.com/s/files/1/0571/8340/4192/files/iPad_A16_Cellular_Silver_PDP_Image_Position_1__WWEN.png?v=1741336836,active
11-inch iPad Wi-Fi | 128GB - Pink,MD4E4QA/A,https://cdn.shopify.com/s/files/1/0571/8340/4192/files/iPad_A16_Cellular_Pink_PDP_Image_Position_1__WWEN.png?v=1741336954,active
11-inch iPad Wi-Fi | 128GB - Yellow,MD4D4QA/A,https://cdn.shopify.com/s/files/1/0571/8340/4192/files/iPad_A16_Cellular_Yellow_PDP_Image_Position_1__WWEN.png?v=1741336945,active
11-inch iPad Wi-Fi | 128GB - Blue,MD4A4QA/A,https://cdn.shopify.com/s/files/1/0571/8340/4192/files/iPad_A16_Cellular_Blue_PDP_Image_Position_1__WWEN.png?v=1741336885,active
11-inch iPad Wi-Fi | 128GB - Silver,MD3Y4QA/A,https://cdn.shopify.com/s/files/1/0571/8340/4192/files/iPad_A16_Cellular_Silver_PDP_Image_Position_1__WWEN.png?v=1741336836,active
iPad Air 11-inch Wi-Fi | 1TB - Space grey,MCAH4QA/A,https://cdn.shopify.com/s/files/1/0571/8340/4192/files/iPad_Air_11-inch_M3_Cellular_Space_Gray_PDP_Image_Position_1__WWEN.png?v=1741337979,active
iPhone 12 Pro 256GB Silver,SUNMGMQ3PLG-A,https://cdn.shopify.com/s/files/1/0571/8340/4192/files/iphone_12_pro_max_silver_pdp_image_position_2__en_us_ecommerce_f35c.webp?v=1740636073,active
Apple Pencil 1st Generation,MYQW3ZM/A,https://cdn.shopify.com/s/files/1/0571/8340/4192/files/mk0c2_1.webp?v=1747118740,active
Apple Pencil 2nd Generation,MXN43ZM/A,https://cdn.shopify.com/s/files/1/0571/8340/4192/products/pencil2.png?v=1640780483,active
Magic Keyboard with Numeric Keypad - International English - Silver,MXCJ3Z/A,https://cdn.shopify.com/s/files/1/0571/8340/4192/files/mq052za_3.webp?v=1749735555,active
iPhone 16e Silicone Case White,MD3P4ZM/A,https://cdn.shopify.com/s/files/1/0571/8340/4192/files/iPhone_16e_White_White_Silicone_Case_34FL_Screen__USEN.png?v=1740144260,active
iPhone 16e Silicone Case Black,MD3N4ZM/A,https://cdn.shopify.com/s/files/1/0571/8340/4192/files/iPhone_16e_Black_Black_Silicone_Case_34FL_Screen__USEN.png?v=1740144218,active
iPhone 16e 128GB White,MD1R4AF/A,https://cdn.shopify.com/s/files/1/0571/8340/4192/files/iPhone_16e_White_PDP_Image_Position_1__GBEN_541eb5a6-f45b-4c32-9e04-970cdbfc70b5.jpg?v=1740056079,active
iPhone 16e 128GB Black,MD1Q4AF/A,https://cdn.shopify.com/s/files/1/0571/8340/4192/files/iPhone_16e_Black_PDP_Image_Position_1__GBEN.jpg?v=1740056066,active
DJI Neo Fly More Combo,CP.FP.00000185.01,https://cdn.shopify.com/s/files/1/0571/8340/4192/files/dji_neo_fly_more_combo_from_above.webp?v=1738131399,active
DJI Mic 2 (2 TX + 1 RX + Charging Case),CP.RN.00000324.01,https://cdn.shopify.com/s/files/1/0571/8340/4192/files/1280-1024_1__1_1.webp?v=1737610638,active
Apple 85W MagSafe 2 Power Adapter (for MacBook Pro with Retina Display),MYH83Z/A,https://cdn.shopify.com/s/files/1/0571/8340/4192/files/md506.jpg?v=1754306413,active
Apple Pencil Tips - 4 pack,MX763ZM/A,https://cdn.shopify.com/s/files/1/0571/8340/4192/products/tips.png?v=1640780520,active
USB-C to MagSafe 3 Cable (2m) - Silver,MW613ZM/A,https://cdn.shopify.com/s/files/1/0571/8340/4192/files/MLYV3.jpg?v=1736836816,active
Apple TV Siri Remote,MW5G3ZE/A,https://cdn.shopify.com/s/files/1/0571/8340/4192/files/mnc73_1.webp?v=1743073962,active
DJI Neo Motion Fly More Combo,CP.FP.00000186.01,https://cdn.shopify.com/s/files/1/0571/8340/4192/files/dji_neo_motion_fly_more_combo_battery_inserted.webp?v=1732887223,active
USB-C to USB Adapter,MW5L3ZM/A,https://cdn.shopify.com/s/files/1/0571/8340/4192/files/MJ1M2.jpg?v=1731067561,active
Mac mini M4 Chip 10-Core CPU & 10 Core GPU | 16GB |512GB,MU9E3SO/A,https://cdn.shopify.com/s/files/1/0571/8340/4192/files/Mac_mini_with_M4_Silver_PDP_Image_Position_1__WWEN.png?v=1730376739,active
Mac mini M4 Chip 10-Core CPU & 10 Core GPU | 24GB |512GB,MCYT4SO/A,https://cdn.shopify.com/s/files/1/0571/8340/4192/files/Mac_mini_with_M4_Silver_PDP_Image_Position_1__WWEN.png?v=1730376739,active
Mac mini M4 Pro Chip 12-Core CPU & 16 Core GPU | 24GB |512GB,MCX44SO/A,https://cdn.shopify.com/s/files/1/0571/8340/4192/files/Mac_mini_with_M4_Silver_PDP_Image_Position_1__WWEN.png?v=1730376739,active
Magic Trackpad - Black Multi-Touch Surface,MXKA3ZM/A,https://cdn.shopify.com/s/files/1/0571/8340/4192/products/MMMP3.jpg?v=1648025287,active
Apple Magic Trackpad,MXK93ZM/A,https://cdn.shopify.com/s/files/1/0571/8340/4192/products/tp1.png?v=1654510495,active
Magic Keyboard With Touch ID & Numeric Keypad For Mac Models with Apple Silicon - International English,MXK83Z/A,https://cdn.shopify.com/s/files/1/0571/8340/4192/files/MXK83Z.jpg?v=1731067116,active
Magic Keyboard With Touch ID & Numeric Keypad For Mac Models with Apple Silicon - International English,MXK73Z/A,https://cdn.shopify.com/s/files/1/0571/8340/4192/files/MXK73Z.jpg?v=1731066999,active
Magic Mouse - Black Multi-Touch Surface,MXK63Z/A,https://cdn.shopify.com/s/files/1/0571/8340/4192/products/MMMQ3Z_A-2.png?v=1648467864,active
Magic Mouse,MXK53Z/A,https://cdn.shopify.com/s/files/1/0571/8340/4192/products/mm4.png?v=1640846144,active
Magic Keyboard - International English,MXCL3Z/A,https://cdn.shopify.com/s/files/1/0571/8340/4192/products/magic-int.png?v=1640845796,active
Magic Keyboard With Touch ID For Mac Models with Apple Silicon - International English,MXCK3Z/A,https://cdn.shopify.com/s/files/1/0571/8340/4192/files/MXCK3Z.jpg?v=1731066871,active
24-inch iMac M4-Chip with 10-core CPU - 10-core GPU 16GB | 512GB - Pink,MWV53SO/A,https://cdn.shopify.com/s/files/1/0571/8340/4192/files/iMac_M4_Chip_2-port_24-in_Pink_PDP_Image_Position_1__WWEN.png?v=1730367939,active
24-inch iMac M4-Chip with 10-core CPU - 10-core GPU 16GB | 256GB - Pink,MWV43SO/A,https://cdn.shopify.com/s/files/1/0571/8340/4192/files/iMac_M4_Chip_2-port_24-in_Pink_PDP_Image_Position_1__WWEN.png?v=1730367939,active
24-inch iMac M4-Chip with 10-core CPU - 10-core GPU 16GB | 512GB - Blue,MWV33SO/A,https://cdn.shopify.com/s/files/1/0571/8340/4192/files/iMac_M4_Chip_2-port_24-in_Blue_PDP_Image_Position_1__WWEN.png?v=1730367891,active
24-inch iMac M4-Chip with 10-core CPU - 10-core GPU 16GB | 256GB - Blue,MWV13SO/A,https://cdn.shopify.com/s/files/1/0571/8340/4192/files/iMac_M4_Chip_2-port_24-in_Blue_PDP_Image_Position_1__WWEN.png?v=1730367891,active
24-inch iMac M4-Chip with 10-core CPU - 10-core GPU 16GB | 512GB - Green,MWV03SO/A,https://cdn.shopify.com/s/files/1/0571/8340/4192/files/iMac_M4_Chip_2-port_24-in_Green_PDP_Image_Position_1__WWEN.png?v=1735895930,active
24-inch iMac M4-Chip with 10-core CPU - 10-core GPU 16GB | 256GB - Green,MWUY3SO/A,https://cdn.shopify.com/s/files/1/0571/8340/4192/files/iMac_M4_Chip_2-port_24-in_Green_PDP_Image_Position_1__WWEN.png?v=1735895930,active
24-inch iMac M4-Chip with 10-core CPU - 10-core GPU 16GB | 512GB - Silver,MWUV3SO/A,https://cdn.shopify.com/s/files/1/0571/8340/4192/files/iMac_M4_Chip_2-port_24-in_Silver_PDP_Image_Position_1__WWEN.png?v=1763974418,active
24-inch iMac M4-Chip with 10-core CPU - 10-core GPU 16GB | 256GB - Silver,MWUU3SO/A,https://cdn.shopify.com/s/files/1/0571/8340/4192/files/iMac_M4_Chip_2-port_24-in_Silver_PDP_Image_Position_1__WWEN.png?v=1763974418,active
24-inch iMac M4-Chip with 8-core CPU - 8-core GPU 16GB | 256GB - Pink,MWUG3SO/A,https://cdn.shopify.com/s/files/1/0571/8340/4192/files/iMac_M4_Chip_2-port_24-in_Pink_PDP_Image_Position_1__WWEN.png?v=1730367939,active
24-inch iMac M4-Chip with 8-core CPU - 8-core GPU 16GB | 256GB - Blue,MWUF3SO/A,https://cdn.shopify.com/s/files/1/0571/8340/4192/files/iMac_M4_Chip_2-port_24-in_Blue_PDP_Image_Position_1__WWEN.png?v=1730367891,active
24-inch iMac M4-Chip with 8-core CPU - 8-core GPU 16GB | 256GB - Green,MWUE3SO/A,https://cdn.shopify.com/s/files/1/0571/8340/4192/files/iMac_M4_Chip_2-port_24-in_Green_PDP_Image_Position_1__WWEN.png?v=1735895930,active
24-inch iMac M4-Chip with 8-core CPU - 8-core GPU 16GB | 256GB - Silver,MWUC3SO/A,https://cdn.shopify.com/s/files/1/0571/8340/4192/files/iMac_M4_Chip_2-port_24-in_Silver_PDP_Image_Position_1__WWEN.png?v=1763974418,active
24-inch iMac M4-Chip with 10-core CPU - 10-core GPU 16GB | 256GB - Silver | Nano-Texture Glass,MD3H4SO/A,https://cdn.shopify.com/s/files/1/0571/8340/4192/files/iMac_M4_Chip_2-port_24-in_Silver_PDP_Image_Position_1__WWEN.png?v=1763974418,active
24-inch iMac M4-Chip with 10-core CPU - 10-core GPU 24GB | 512GB - Pink,MD2U4SO/A,https://cdn.shopify.com/s/files/1/0571/8340/4192/files/iMac_M4_Chip_2-port_24-in_Pink_PDP_Image_Position_1__WWEN.png?v=1730367939,active
24-inch iMac M4-Chip with 10-core CPU - 10-core GPU 24GB | 512GB - Blue,MD2T4SO/A,https://cdn.shopify.com/s/files/1/0571/8340/4192/files/iMac_M4_Chip_2-port_24-in_Blue_PDP_Image_Position_1__WWEN.png?v=1730367891,active
24-inch iMac M4-Chip with 10-core CPU - 10-core GPU 24GB | 512GB - Green,MD2Q4SO/A,https://cdn.shopify.com/s/files/1/0571/8340/4192/files/iMac_M4_Chip_2-port_24-in_Green_PDP_Image_Position_1__WWEN.png?v=1735895930,active
24-inch iMac M4-Chip with 10-core CPU - 10-core GPU 24GB | 512GB - Silver,MCR24SO/A,https://cdn.shopify.com/s/files/1/0571/8340/4192/files/iMac_M4_Chip_2-port_24-in_Silver_PDP_Image_Position_1__WWEN.png?v=1763974418,active
Thunderbolt 3 (USB-C) to Thunderbolt 2 Adapter,MYH93ZM/A,https://cdn.shopify.com/s/files/1/0571/8340/4192/products/cable3.png?v=1654508565,active
Apple iPad Pro 13-inch (M4) Smart Folio - White,MWK23ZM/A,https://cdn.shopify.com/s/files/1/0571/8340/4192/files/mwk23-photoroom_png-photoroom_png.webp?v=1729588770,active
60W USB-C Charge Cable (1m),MW493ZM/A,https://cdn.shopify.com/s/files/1/0571/8340/4192/files/MQKJ3.jpg?v=1729854509,active
Apple EarPods (USB-C),MYQY3ZM/A,https://cdn.shopify.com/s/files/1/0571/8340/4192/files/mtjy3.webp?v=1702970759,active
iPad mini Wi-Fi + Cellular 512GB - Purple,MYHF3QA/A,https://cdn.shopify.com/s/files/1/0571/8340/4192/files/iPad_mini_Purple_PDP_Image_Position_1_Cellular__GBEN.png?v=1729155014,active
iPad mini Wi-Fi + Cellular 512GB - Starlight,MYHE3QA/A,https://cdn.shopify.com/s/files/1/0571/8340/4192/files/iPad_mini_Starlight_PDP_Image_Position_1_Cellular__GBEN.png?v=1729154847,active
iPad mini Wi-Fi + Cellular 512GB - Blue,MYHD3QA/A,https://cdn.shopify.com/s/files/1/0571/8340/4192/files/iPad_mini_Blue_PDP_Image_Position_1_Cellular__GBEN.png?v=1729154748,active
iPad mini Wi-Fi + Cellular 512GB - Space Grey,MYHC3QA/A,https://cdn.shopify.com/s/files/1/0571/8340/4192/files/iPad_mini_Space_Gray_PDP_Image_Position_1_Cellular__GBEN.png?v=1729154076,active
iPad mini Wi-Fi 512GB - Purple,MYH33QA/A,https://cdn.shopify.com/s/files/1/0571/8340/4192/files/iPad_mini_Purple_PDP_Image_Position_1_Cellular__GBEN.png?v=1729155014,active
iPad mini Wi-Fi 512GB -Starlight,MYH23QA/A,https://cdn.shopify.com/s/files/1/0571/8340/4192/files/iPad_mini_Starlight_PDP_Image_Position_1_Cellular__GBEN.png?v=1729154847,active
iPad mini Wi-Fi 512GB - Blue,MYH13QA/A,https://cdn.shopify.com/s/files/1/0571/8340/4192/files/iPad_mini_Blue_PDP_Image_Position_1_Cellular__GBEN.png?v=1729154748,active
iPad mini Wi-Fi 512GB - Space Grey,MYGY3QA/A,https://cdn.shopify.com/s/files/1/0571/8340/4192/files/iPad_mini_Space_Gray_PDP_Image_Position_1_Cellular__GBEN.png?v=1729154076,active
iPad mini Wi-Fi + Cellular 256GB - Purple,MXPY3QA/A,https://cdn.shopify.com/s/files/1/0571/8340/4192/files/iPad_mini_Purple_PDP_Image_Position_1_Cellular__GBEN.png?v=1729155014,active
iPad mini Wi-Fi + Cellular 256GB - Starlight,MXPX3QA/A,https://cdn.shopify.com/s/files/1/0571/8340/4192/files/iPad_mini_Starlight_PDP_Image_Position_1_Cellular__GBEN.png?v=1729154847,active
iPad mini Wi-Fi + Cellular 256GB - Blue,MXPW3QA/A,https://cdn.shopify.com/s/files/1/0571/8340/4192/files/iPad_mini_Blue_PDP_Image_Position_1_Cellular__GBEN.png?v=1729154748,active
iPad mini Wi-Fi + Cellular 256GB - Space Grey,MXPT3QA/A,https://cdn.shopify.com/s/files/1/0571/8340/4192/files/iPad_mini_Space_Gray_PDP_Image_Position_1_Cellular__GBEN.png?v=1729154076,active
iPad mini Wi-Fi + Cellular 128GB - Purple,MXPR3QA/A,https://cdn.shopify.com/s/files/1/0571/8340/4192/files/iPad_mini_Purple_PDP_Image_Position_1_Cellular__GBEN.png?v=1729155014,active
iPad mini Wi-Fi + Cellular 128GB - Starlight,MXPQ3QA/A,https://cdn.shopify.com/s/files/1/0571/8340/4192/files/iPad_mini_Starlight_PDP_Image_Position_1_Cellular__GBEN.png?v=1729154847,active
iPad mini Wi-Fi + Cellular 128GB - Blue,MXPP3QA/A,https://cdn.shopify.com/s/files/1/0571/8340/4192/files/iPad_mini_Blue_PDP_Image_Position_1_Cellular__GBEN.png?v=1729154748,active
iPad mini Wi-Fi + Cellular 128GB - Space Grey,MXPN3QA/A,https://cdn.shopify.com/s/files/1/0571/8340/4192/files/iPad_mini_Space_Gray_PDP_Image_Position_1_Cellular__GBEN.png?v=1729154076,active
iPad mini Wi-Fi 256GB - Purple,MXNE3QA/A,https://cdn.shopify.com/s/files/1/0571/8340/4192/files/iPad_mini_Purple_PDP_Image_Position_1_Cellular__GBEN.png?v=1729155014,active
iPad mini Wi-Fi 256GB - Starlight,MXND3QA/A,https://cdn.shopify.com/s/files/1/0571/8340/4192/files/iPad_mini_Starlight_PDP_Image_Position_1_Cellular__GBEN.png?v=1729154847,active
iPad mini Wi-Fi 256GB - Blue,MXNC3QA/A,https://cdn.shopify.com/s/files/1/0571/8340/4192/files/iPad_mini_Blue_PDP_Image_Position_1_Cellular__GBEN.png?v=1729154748,active
iPad mini Wi-Fi 256GB - Space Gray,MXNA3QA/A,https://cdn.shopify.com/s/files/1/0571/8340/4192/files/iPad_mini_Space_Gray_PDP_Image_Position_1_Cellular__GBEN.png?v=1729154076,active
iPad mini Wi-Fi 128GB - Purple,MXN93QA/A,https://cdn.shopify.com/s/files/1/0571/8340/4192/files/iPad_mini_Purple_PDP_Image_Position_1_Cellular__GBEN.png?v=1729155014,active
iPad mini Wi-Fi 128GB - Starlight,MXN83QA/A,https://cdn.shopify.com/s/files/1/0571/8340/4192/files/iPad_mini_Starlight_PDP_Image_Position_1_Cellular__GBEN.png?v=1729154847,active
iPad mini Wi-Fi 128GB - Blue,MXN73QA/A,https://cdn.shopify.com/s/files/1/0571/8340/4192/files/iPad_mini_Blue_PDP_Image_Position_1_Cellular__GBEN.png?v=1729154748,active
iPad mini Wi-Fi 128GB - Space Grey,MXN63QA/A,https://cdn.shopify.com/s/files/1/0571/8340/4192/files/iPad_mini_Space_Gray_PDP_Image_Position_1_Cellular__GBEN.png?v=1729154076,active
iPad mini (A17 Pro) Smart Folio - Charcoal Grey,MC2Q4ZM/A,https://cdn.shopify.com/s/files/1/0571/8340/4192/files/mc2q4.png?v=1763645216,active
240W USB-C Charge Cable (2M),MYQT3ZM/A,https://cdn.shopify.com/s/files/1/0571/8340/4192/files/USB-C_ChargeCable_2m-SCREEN.png?v=1695815294,active
Apple 70W USB-C Power Adapter,MXN53ZM/A,https://cdn.shopify.com/s/files/1/0571/8340/4192/files/mqln3.webp?v=1700047675,active
DJI Osmo Pocket 3 Creator Combo,CP.OS.00000302.01,https://cdn.shopify.com/s/files/1/0571/8340/4192/files/osmo_pocket_3_creator_combo.1.webp?v=1727433457,active
iPhone 16 Pro Clear Case with MagSafe,MA7E4ZM/A,https://cdn.shopify.com/s/files/1/0571/8340/4192/files/iPhone_16_Pro_Desert_Titanium_Clear_Case_with_MagSafe_Pure_Back_Screen__USEN.jpg?v=1726663844,active
iPhone 16 Plus Clear Case with MagSafe,MA7D4ZM/A,https://cdn.shopify.com/s/files/1/0571/8340/4192/files/iPhone_16_Plus_Teal_Clear_Case_with_MagSafe_Pure_Back_Screen__USEN.jpg?v=1726663750,active
iPhone 16 Clear Case with MagSafe,MA6A4ZM/A,https://cdn.shopify.com/s/files/1/0571/8340/4192/files/iPhone_16_Black_Clear_Case_with_MagSafe_Pure_Back_Screen__USEN.jpg?v=1726663615,active
AirPods 4 With Active Noise Cancellation,MXP93ZE/A,https://cdn.shopify.com/s/files/1/0571/8340/4192/files/AirPods_4_with_Active_Noise_Cancellation_PDP_Image_Position_1__WWEN.png?v=1727259098,active
AirPods 4,MXP63ZE/A,https://cdn.shopify.com/s/files/1/0571/8340/4192/files/AirPods_4_PDP_Image_Position_1__WWEN.png?v=1727259041,active
Moov iPhone 16 Plus ClearSafe Case - Clear,MO-16PL55-CL,https://cdn.shopify.com/s/files/1/0571/8340/4192/files/ip16_plus.webp?v=1732093830,active
Moov ClearSafe MagSafe Case for iPhone 16 - Clear,MO-1655-MSCL,https://cdn.shopify.com/s/files/1/0571/8340/4192/files/ip16_plus_magsafe_hybrid.webp?v=1742808206,active
ClearSafe Case for iPhone 16,MO-1655-CL,,active
iPhone 16 Plus Silicone Case with MagSafe - Black,MYY93ZM/A,https://cdn.shopify.com/s/files/1/0571/8340/4192/files/iPhone_16_Plus_White_Black_Silicone_Case_with_MagSafe_Pure_Back_Screen__USEN.jpg?v=1726665718,active
MagSafe Charger 2M,MX6Y3ZE/A,https://cdn.shopify.com/s/files/1/0571/8340/4192/files/MagSafe_Charger_2m_Pure_Front_Screen__USEN.jpg?v=1726490492,active
iPhone 16 Pro Max Silicone Case with MagSafe - Black,MYYT3ZM/A,https://cdn.shopify.com/s/files/1/0571/8340/4192/files/iPhone_16_Pro_Max_White_Titanium_Black_Silicone_Case_with_MagSafe_Pure_Back_Screen__USEN.jpg?v=1726214063,active
iPhone 16 Pro Silicone Case with MagSafe - Black,MYYJ3ZM/A,https://cdn.shopify.com/s/files/1/0571/8340/4192/files/iPhone_16_Pro_White_Titanium_Black_Silicone_Case_with_MagSafe_Pure_Back_Screen__USEN.jpg?v=1726214011,active
iPhone 16 Silicone Case with MagSafe - Black,MYY13ZM/A,https://cdn.shopify.com/s/files/1/0571/8340/4192/files/iPhone_16_White_Black_Silicone_Case_with_MagSafe_Pure_Back_Screen__USEN.jpg?v=1726213966,active
iPhone 16 Pro Max Clear Case With MagSafe,MA7F4ZM/A,https://cdn.shopify.com/s/files/1/0571/8340/4192/files/iPhone_16_Pro_Max_White_Titanium_Clear_Case_with_MagSafe_Pure_Back_Screen__USEN.jpg?v=1726213941,active
iPhone 16 128GB Teal,MYED3QN/A,https://cdn.shopify.com/s/files/1/0571/8340/4192/files/iPhone_16_Teal_PDP_Image_Position_1__WWEN.png?v=1726120605,active
iPhone 16 128GB Ultramarine,MYEC3QN/A,https://cdn.shopify.com/s/files/1/0571/8340/4192/files/iPhone_16_Ultramarine_PDP_Image_Position_1__WWEN.jpg?v=1726120590,active
iPhone 16 128GB Pink,MYEA3QN/A,https://cdn.shopify.com/s/files/1/0571/8340/4192/files/iPhone_16_Pink_PDP_Image_Position_1__WWEN.jpg?v=1726120573,active
iPhone 16 128GB White,MYE93QN/A,https://cdn.shopify.com/s/files/1/0571/8340/4192/files/iPhone_16_White_PDP_Image_Position_1__WWEN.jpg?v=1726120550,active
iPhone 16 128GB Black,MYE73QN/A,https://cdn.shopify.com/s/files/1/0571/8340/4192/files/iPhone_16_Black_PDP_Image_Position_1__WWEN.png?v=1726120379,active
iPhone 16 Plus 256GB Ultramarine,MXY23QN/A,https://cdn.shopify.com/s/files/1/0571/8340/4192/files/iPhone_16_Plus_Ultramarine_PDP_Image_Position_1__WWEN.jpg?v=1726128376,active
iPhone 16 Plus 256GB Pink,MXY13QN/A,https://cdn.shopify.com/s/files/1/0571/8340/4192/files/iPhone_16_Plus_Pink_PDP_Image_Position_1__WWEN.jpg?v=1726128142,active
iPhone 16 Plus 256GB White,MXWV3QN/A,https://cdn.shopify.com/s/files/1/0571/8340/4192/files/iPhone_16_Plus_White_PDP_Image_Position_1__WWEN.jpg?v=1726127988,active
iPhone 16 Plus 256GB Black,MXWN3QN/A,https://cdn.shopify.com/s/files/1/0571/8340/4192/files/iPhone_16_Plus_Black_PDP_Image_Position_1__WWEN.jpg?v=1726126157,active
iPhone 16 Plus 128GB Teal,MXVY3QN/A,https://cdn.shopify.com/s/files/1/0571/8340/4192/files/iPhone_16_Plus_Teal_PDP_Image_Position_1__WWEN.jpg?v=1726128565,active
iPhone 16 Plus 128GB Pink,MXVW3QN/A,https://cdn.shopify.com/s/files/1/0571/8340/4192/files/iPhone_16_Plus_Pink_PDP_Image_Position_1__WWEN.jpg?v=1726128142,active
iPhone 16 Plus 128GB White,MXVV3QN/A,https://cdn.shopify.com/s/files/1/0571/8340/4192/files/iPhone_16_Plus_White_PDP_Image_Position_1__WWEN.jpg?v=1726127988,active
iPhone 16 Plus 128GB Black,MXVU3QN/A,https://cdn.shopify.com/s/files/1/0571/8340/4192/files/iPhone_16_Plus_Black_PDP_Image_Position_1__WWEN.jpg?v=1726126157,active
Apple Watch SE | GPS + Cellular 44mm | Starlight Aluminium Case With Lake Green Sport Loop,MXGV3QA/A,https://cdn.shopify.com/s/files/1/0571/8340/4192/files/Apple_Watch_SE_Cellular_40mm_Starlight_Aluminum_Lake_Green_Sport_Loop_34FR_Screen__USEN.png?v=1726051719,active
Apple Watch SE | GPS + Cellular 44mm | Starlight Aluminium Case With Starlight Sport Band | M/L,MXGU3QA/A,https://cdn.shopify.com/s/files/1/0571/8340/4192/files/apple_watch_se_gps_40mm_starlight_aluminum_starlight_sport_band_pdp_image_2023_position-1__wwen_1.webp?v=1726048228,active
Apple Watch SE | GPS + Cellular 44mm | Starlight Aluminium Case With Starlight Sport Band | S/M,MXGT3QA/A,https://cdn.shopify.com/s/files/1/0571/8340/4192/files/apple_watch_se_gps_40mm_starlight_aluminum_starlight_sport_band_pdp_image_2023_position-1__wwen_1.webp?v=1726048228,active
Apple Watch SE | GPS + Cellular 44mm | Silver Aluminium Case With Blue Cloud Sport Loop,MXGR3QA/A,https://cdn.shopify.com/s/files/1/0571/8340/4192/files/Apple_Watch_SE_Cellular_40mm_Silver_Aluminum_Blue_Cloud_Sport_Loop_34FR_Screen__USEN.png?v=1726050604,active
Apple Watch SE | GPS + Cellular 44mm | Silver Aluminium Case With Denim Sport Band | M/L,MXGQ3QA/A,https://cdn.shopify.com/s/files/1/0571/8340/4192/files/Apple_Watch_SE_Cellular_40mm_Silver_Aluminum_Denim_Sport_Band_34FR_Screen__USEN.png?v=1726050656,active
Apple Watch SE | GPS + Cellular 44mm | Silver Aluminium Case With Denim Sport Band | S/M,MXGP3QA/A,https://cdn.shopify.com/s/files/1/0571/8340/4192/files/Apple_Watch_SE_Cellular_40mm_Silver_Aluminum_Denim_Sport_Band_34FR_Screen__USEN.png?v=1726050656,active
Apple Watch SE | GPS + Cellular 44mm | Midnight Aluminium Case With Ink Sport Loop,MXGN3QA/A,https://cdn.shopify.com/s/files/1/0571/8340/4192/files/Apple_Watch_SE_GPS_40mm_Midnight_Aluminum_Ink_Sport_Loop_34FR_Screen__USEN.png?v=1726047198,active
Apple Watch SE | GPS + Cellular 44mm | Midnight Aluminium Case With Midnight Sport Band | M/L,MXGM3QA/A,https://cdn.shopify.com/s/files/1/0571/8340/4192/files/apple_watch_se_lte_40mm_midnight_aluminum_midnight_sport_band_pdp_image_2023_position-1__wwen_1_1.webp?v=1726046999,active
Apple Watch SE | GPS + Cellular 44mm | Midnight Aluminium Case With Midnight Sport Band | S/M,MXGL3QA/A,https://cdn.shopify.com/s/files/1/0571/8340/4192/files/apple_watch_se_lte_40mm_midnight_aluminum_midnight_sport_band_pdp_image_2023_position-1__wwen_1_1.webp?v=1726046999,active
Apple Watch SE | GPS + Cellular 40mm | Starlight Aluminium Case With Starlight Sport Band | M/L,MXGK3QA/A,https://cdn.shopify.com/s/files/1/0571/8340/4192/files/apple_watch_se_gps_40mm_starlight_aluminum_starlight_sport_band_pdp_image_2023_position-1__wwen_1.webp?v=1726048228,active
Apple Watch SE | GPS + Cellular 40mm | Starlight Aluminium Case With Starlight Sport Band | S/M,MXGJ3QA/A,https://cdn.shopify.com/s/files/1/0571/8340/4192/files/apple_watch_se_gps_40mm_starlight_aluminum_starlight_sport_band_pdp_image_2023_position-1__wwen_1.webp?v=1726048228,active
Apple Watch SE | GPS + Cellular 40mm | Starlight Aluminium Case With Lake Green Sport Loop,MXGH3QA/A,https://cdn.shopify.com/s/files/1/0571/8340/4192/files/Apple_Watch_SE_Cellular_40mm_Starlight_Aluminum_Lake_Green_Sport_Loop_34FR_Screen__USEN.png?v=1726051719,active
Apple Watch SE | GPS + Cellular 40mm | Silver Aluminium Case With Denim Sport Band | M/L,MXGG3QA/A,https://cdn.shopify.com/s/files/1/0571/8340/4192/files/Apple_Watch_SE_Cellular_40mm_Silver_Aluminum_Denim_Sport_Band_34FR_Screen__USEN.png?v=1726050656,active
Apple Watch SE | GPS + Cellular 40mm | Silver Aluminium Case With Blue Cloud Sport Loop,MXGE3QA/A,https://cdn.shopify.com/s/files/1/0571/8340/4192/files/Apple_Watch_SE_Cellular_40mm_Silver_Aluminum_Blue_Cloud_Sport_Loop_34FR_Screen__USEN.png?v=1726050604,active
Apple Watch SE | GPS + Cellular 40mm | Midnight Aluminium Case With Midnight Sport Band | M/L,MXGD3QA/A,https://cdn.shopify.com/s/files/1/0571/8340/4192/files/apple_watch_se_lte_40mm_midnight_aluminum_midnight_sport_band_pdp_image_2023_position-1__wwen_1_1.webp?v=1726046999,active
Apple Watch SE | GPS + Cellular 40mm | Midnight Aluminium Case With Midnight Sport Band | S/M,MXGC3QA/A,https://cdn.shopify.com/s/files/1/0571/8340/4192/files/apple_watch_se_lte_40mm_midnight_aluminum_midnight_sport_band_pdp_image_2023_position-1__wwen_1_1.webp?v=1726046999,active
Apple Watch SE | GPS + Cellular 40mm | Midnight Aluminium Case With Ink Sport Loop,MXGA3QA/A,https://cdn.shopify.com/s/files/1/0571/8340/4192/files/Apple_Watch_SE_GPS_40mm_Midnight_Aluminum_Ink_Sport_Loop_34FR_Screen__USEN.png?v=1726047198,active
Apple Watch SE | GPS 44mm | Starlight Aluminium Case With Lake Green Sport Loop,MXEW3QA/A,https://cdn.shopify.com/s/files/1/0571/8340/4192/files/Apple_Watch_SE_GPS_44mm_Starlight_Aluminum_Lake_Green_Sport_Loop_34FR_Screen__USEN.png?v=1726048366,active
Apple Watch SE | GPS 44mm | Starlight Aluminium Case With Starlight Sport Band | M/L,MXEV3QA/A,https://cdn.shopify.com/s/files/1/0571/8340/4192/files/apple_watch_se_gps_40mm_starlight_aluminum_starlight_sport_band_pdp_image_2023_position-1__wwen_1.webp?v=1726048228,active
Apple Watch SE | GPS 44mm | Silver Aluminium Case With Blue Cloud Sport Loop | S/M,MXET3QA/A,https://cdn.shopify.com/s/files/1/0571/8340/4192/files/Apple_Watch_SE_GPS_40mm_Silver_Aluminum_Blue_Cloud_Sport_Loop_34FR_Screen__USEN.png?v=1726047669,active
Apple Watch SE | GPS 44mm | Silver Aluminium Case With Denim Sport Band | M/L,MXER3QA/A,https://cdn.shopify.com/s/files/1/0571/8340/4192/files/Apple_Watch_SE_GPS_40mm_Silver_Aluminum_Denim_Sport_Band_34FR_Screen__USEN.png?v=1726047648,active
Apple Watch SE | GPS 44mm | Silver Aluminium Case With Denim Sport Band | S/M,MXEQ3QA/A,https://cdn.shopify.com/s/files/1/0571/8340/4192/files/Apple_Watch_SE_GPS_40mm_Silver_Aluminum_Denim_Sport_Band_34FR_Screen__USEN.png?v=1726047648,active
Apple Watch SE | GPS 44mm | Midnight Aluminium Case With Ink Sport Loop,MXEP3QA/A,https://cdn.shopify.com/s/files/1/0571/8340/4192/files/Apple_Watch_SE_GPS_40mm_Midnight_Aluminum_Ink_Sport_Loop_34FR_Screen__USEN.png?v=1726047198,active
Apple Watch SE | GPS 44mm | Midnight Aluminium Case With Midnight Sport Band | M/L,MXEK3QA/A,https://cdn.shopify.com/s/files/1/0571/8340/4192/files/apple_watch_se_lte_40mm_midnight_aluminum_midnight_sport_band_pdp_image_2023_position-1__wwen_1_1.webp?v=1726046999,active
Apple Watch SE | GPS 44mm | Midnight Aluminium Case With Midnight Sport Band | S/M,MXEJ3QA/A,https://cdn.shopify.com/s/files/1/0571/8340/4192/files/apple_watch_se_lte_40mm_midnight_aluminum_midnight_sport_band_pdp_image_2023_position-1__wwen_1_1.webp?v=1726046999,active
Apple Watch SE | GPS 40mm | Starlight Aluminium Case With Starlight Sport Band | M/L,MXEG3QA/A,https://cdn.shopify.com/s/files/1/0571/8340/4192/files/apple_watch_se_gps_40mm_starlight_aluminum_starlight_sport_band_pdp_image_2023_position-1__wwen_1.webp?v=1726048228,active
Apple Watch SE | GPS 40mm | Starlight Aluminium Case With Starlight Sport Band | S/M,MXEF3QA/A,https://cdn.shopify.com/s/files/1/0571/8340/4192/files/apple_watch_se_gps_40mm_starlight_aluminum_starlight_sport_band_pdp_image_2023_position-1__wwen_1.webp?v=1726048228,active
Apple Watch SE | GPS 40mm | Silver Aluminium Case With Blue Cloud Sport Loop | S/M,MXEE3QA/A,https://cdn.shopify.com/s/files/1/0571/8340/4192/files/Apple_Watch_SE_GPS_40mm_Silver_Aluminum_Blue_Cloud_Sport_Loop_34FR_Screen__USEN.png?v=1726047669,active
Apple Watch SE | GPS 40mm | Silver Aluminium Case With Denim Sport Band | M/L,MXED3QA/A,https://cdn.shopify.com/s/files/1/0571/8340/4192/files/Apple_Watch_SE_GPS_40mm_Silver_Aluminum_Denim_Sport_Band_34FR_Screen__USEN.png?v=1726047648,active
Apple Watch SE | GPS 40mm | Silver Aluminium Case With Denim Sport Band | S/M,MXEC3QA/A,https://cdn.shopify.com/s/files/1/0571/8340/4192/files/Apple_Watch_SE_GPS_40mm_Silver_Aluminum_Denim_Sport_Band_34FR_Screen__USEN.png?v=1726047648,active
Apple Watch SE | GPS 40mm | Midnight Aluminium Case With Ink Sport Loop,MXEA3QA/A,https://cdn.shopify.com/s/files/1/0571/8340/4192/files/Apple_Watch_SE_GPS_40mm_Midnight_Aluminum_Ink_Sport_Loop_34FR_Screen__USEN.png?v=1726047198,active
Apple Watch SE | GPS 40mm | Midnight Aluminium Case With Midnight Sport Band | M/L,MXE93QA/A,https://cdn.shopify.com/s/files/1/0571/8340/4192/files/apple_watch_se_lte_40mm_midnight_aluminum_midnight_sport_band_pdp_image_2023_position-1__wwen_1_1.webp?v=1726046999,active
Apple Watch Ultra 2 | GPS +Cellular 49mm | Natural Titanium Case With Black Titanium Milanese Loop | L,MX5V3QA/A,https://cdn.shopify.com/s/files/1/0571/8340/4192/files/Apple_Watch_Ultra_2_Cellular_49mm_Black_Titanium_Black_Milanese_Loop_34FR_Screen__USEN_6869444e-eabf-4a2e-b489-e56c7676b14b.png?v=1726036065,active
Apple Watch Ultra 2 | GPS +Cellular 49mm | Natural Titanium Case With Black Titanium Milanese | M,MX5U3QA/A,https://cdn.shopify.com/s/files/1/0571/8340/4192/files/Apple_Watch_Ultra_2_Cellular_49mm_Black_Titanium_Black_Milanese_Loop_34FR_Screen__USEN_6869444e-eabf-4a2e-b489-e56c7676b14b.png?v=1726036065,active
Apple Watch Ultra 2 | GPS +Cellular 49mm | Natural Titanium Case With Titanium Milanese Loop | L,MX5T3QA/A,https://cdn.shopify.com/s/files/1/0571/8340/4192/files/Apple_Watch_Ultra_2_Cellular_49mm_Natural_Titanium_Natural_Milanese_Loop_34FR_Screen__USEN.png?v=1726035854,active
Apple Watch Ultra 2 | GPS +Cellular 49mm | Natural Titanium Case With Titanium Milanese Loop | M,MX5R3QA/A,https://cdn.shopify.com/s/files/1/0571/8340/4192/files/Apple_Watch_Ultra_2_Cellular_49mm_Natural_Titanium_Natural_Milanese_Loop_34FR_Screen__USEN.png?v=1726035854,active
Apple Watch Ultra 2 | GPS +Cellular 49mm | Black Titanium Case With Black Titanium Milanese Loop | S,MX4W3QA/A,https://cdn.shopify.com/s/files/1/0571/8340/4192/files/Apple_Watch_Ultra_2_Cellular_49mm_Black_Titanium_Black_Milanese_Loop_34FR_Screen__USEN_035ff2e1-26d0-425d-8158-43877b3a476a.png?v=1726035627,active
Apple Watch Ultra 2 | GPS +Cellular 49mm | Black Titanium Case With Black Trail Loop | M/L,MX4V3QA/A,https://cdn.shopify.com/s/files/1/0571/8340/4192/files/Apple_Watch_Ultra_2_Cellular_49mm_Black_Titanium_Black_Trail_Loop_34FR_Screen__USEN.png?v=1726035514,active
Apple Watch Ultra 2 | GPS +Cellular 49mm | Black Titanium Case With Black Trail Loop | S/M,MX4U3QA/A,https://cdn.shopify.com/s/files/1/0571/8340/4192/files/Apple_Watch_Ultra_2_Cellular_49mm_Black_Titanium_Black_Trail_Loop_34FR_Screen__USEN.png?v=1726035514,active
Apple Watch Ultra 2 | GPS +Cellular 49mm | Black Titanium Case With Dark Green Alpine Loop | Large,MX4T3QA/A,https://cdn.shopify.com/s/files/1/0571/8340/4192/files/Apple_Watch_Ultra_2_Cellular_49mm_Black_Titanium_Dark_Green_Alpine_Loop_34FR_Screen__USEN.png?v=1726035392,active
Apple Watch Ultra 2 | GPS +Cellular 49mm | Black Titanium Case With Dark Green Alpine Loop | Medium,MX4R3QA/A,https://cdn.shopify.com/s/files/1/0571/8340/4192/files/Apple_Watch_Ultra_2_Cellular_49mm_Black_Titanium_Dark_Green_Alpine_Loop_34FR_Screen__USEN.png?v=1726035392,active
Apple Watch Ultra 2 | GPS +Cellular 49mm | Black Titanium Case With Dark Green Alpine Loop | Small,MX4Q3QA/A,https://cdn.shopify.com/s/files/1/0571/8340/4192/files/Apple_Watch_Ultra_2_Cellular_49mm_Black_Titanium_Black_Ocean_Band_34FR_Screen__USEN.png?v=1726035112,active
Apple Watch Ultra 2 | GPS +Cellular 49mm | Natural Titanium Case With Titanium Milanese Loop | S,MX4M3QA/A,https://cdn.shopify.com/s/files/1/0571/8340/4192/files/Apple_Watch_Ultra_2_Cellular_49mm_Natural_Titanium_Natural_Milanese_Loop_34FR_Screen__USEN.png?v=1726035854,active
Apple Watch Ultra 2 | GPS +Cellular 49mm | Natural Titanium Case With Blue Trail Loop | M/L,MX4L3QA/A,https://cdn.shopify.com/s/files/1/0571/8340/4192/files/Apple_Watch_Ultra_2_Cellular_49mm_Natural_Titanium_Blue_Trail_Loop_34FR_Screen__USEN.png?v=1726034592,active
Apple Watch Ultra 2 | GPS +Cellular 49mm | Natural Titanium Case With Blue Trail Loop | S/M,MX4J3QA/A,https://cdn.shopify.com/s/files/1/0571/8340/4192/files/Apple_Watch_Ultra_2_Cellular_49mm_Natural_Titanium_Blue_Trail_Loop_34FR_Screen__USEN.png?v=1726034592,active
Apple Watch Ultra 2 | GPS +Cellular 49mm | Natural Titanium Case With Tan Alpine | Large,MX4H3QA/A,https://cdn.shopify.com/s/files/1/0571/8340/4192/files/Apple_Watch_Ultra_2_Cellular_49mm_Natural_Titanium_Tan_Alpine_Loop_34FR_Screen__USEN.png?v=1726034418,active
Apple Watch Ultra 2 | GPS +Cellular 49mm | Natural Titanium Case With Tan Alpine | Medium,MX4F3QA/A,https://cdn.shopify.com/s/files/1/0571/8340/4192/files/Apple_Watch_Ultra_2_Cellular_49mm_Natural_Titanium_Tan_Alpine_Loop_34FR_Screen__USEN.png?v=1726034418,active
Apple Watch Ultra 2 | GPS +Cellular 49mm | Natural Titanium Case With Tan Alpine | Small,MX4E3QA/A,https://cdn.shopify.com/s/files/1/0571/8340/4192/files/Apple_Watch_Ultra_2_Cellular_49mm_Natural_Titanium_Tan_Alpine_Loop_34FR_Screen__USEN.png?v=1726034418,active
Apple Watch Ultra 2 | GPS +Cellular 49mm | Natural Titanium Case With Navy Ocean Band,MX4D3QA/A,https://cdn.shopify.com/s/files/1/0571/8340/4192/files/Apple_Watch_Ultra_2_Cellular_49mm_Natural_Titanium_Navy_Ocean_Band_34FR_Screen__USEN.png?v=1726033592,active
Apple Watch Series 10 | GPS + Cellular 42mm | Gold Titanium Case With Gold Milanese Loop,MX083QA/A,https://cdn.shopify.com/s/files/1/0571/8340/4192/files/Apple_Watch_Series_10_46mm_LTE_Gold_Titanium_Milanese_Loop_Gold_PDP_Image_Position_1__WWEN.jpg?v=1726045207,active
Apple Watch Series 10 | GPS + Cellular 42mm | Gold Titanium Case With Starlight Sport Band | M/L,MX073QA/A,https://cdn.shopify.com/s/files/1/0571/8340/4192/files/Apple_Watch_Series_10_46mm_LTE_Gold_Titanium_Sport_Band_Starlight_PDP_Image_Position_1__WWEN.jpg?v=1726045089,active
Apple Watch Series 10 | GPS + Cellular 42mm | Gold Titanium Case With Starlight Sport Band | S/M,MX063QA/A,https://cdn.shopify.com/s/files/1/0571/8340/4192/files/Apple_Watch_Series_10_46mm_LTE_Gold_Titanium_Sport_Band_Starlight_PDP_Image_Position_1__WWEN.jpg?v=1726045089,active
Apple Watch Series 10 | GPS + Cellular  42mm | Slate Titanium Case With Slate Milanese Loop,MX053QA/A,https://cdn.shopify.com/s/files/1/0571/8340/4192/files/Apple_Watch_Series_10_46mm_LTE_Slate_Titanium_Milanese_Loop_Slate_PDP_Image_Position_1__WWEN.jpg?v=1726044369,active
Apple Watch Series 10 | GPS + Cellular 46mm | Gold Titanium Case With Gold Milanese Loop | M/L,MX003QA/A,https://cdn.shopify.com/s/files/1/0571/8340/4192/files/Apple_Watch_Series_10_46mm_LTE_Gold_Titanium_Milanese_Loop_Gold_PDP_Image_Position_1__WWEN.jpg?v=1726045207,active
Apple Watch Series 10 | GPS + Cellular 46mm | Gold Titanium Case With Starlight Sport Band | M/L,MWYY3QA/A,https://cdn.shopify.com/s/files/1/0571/8340/4192/files/Apple_Watch_Series_10_46mm_LTE_Gold_Titanium_Sport_Band_Starlight_PDP_Image_Position_1__WWEN.jpg?v=1726045089,active
Apple Watch Series 10 | GPS + Cellular 46mm | Gold Titanium Case With Starlight Sport Band | S/M,MWYX3QA/A,https://cdn.shopify.com/s/files/1/0571/8340/4192/files/Apple_Watch_Series_10_46mm_LTE_Gold_Titanium_Sport_Band_Starlight_PDP_Image_Position_1__WWEN.jpg?v=1726045089,active
Apple Watch Series 10 | GPS + Cellular  46mm | Slate Titanium Case With Slate Milanese Loop | M/L,MWYW3QA/A,https://cdn.shopify.com/s/files/1/0571/8340/4192/files/Apple_Watch_Series_10_46mm_LTE_Slate_Titanium_Milanese_Loop_Slate_PDP_Image_Position_1__WWEN.jpg?v=1726044369,active
Apple Watch Series 10 | GPS + Cellular 46mm | Slate Titanium Case With Black Sport Band | M/L,MWYE3QA/A,https://cdn.shopify.com/s/files/1/0571/8340/4192/files/Apple_Watch_Series_10_42mm_LTE_Slate_Titanium_Sport_Band_Black_PDP_Image_Position_1__WWEN.png?v=1726044124,active
Apple Watch Series 10 | GPS + Cellular 46mm | Slate Titanium Case With Black Sport Band | S/M,MWYD3QA/A,https://cdn.shopify.com/s/files/1/0571/8340/4192/files/Apple_Watch_Series_10_42mm_LTE_Slate_Titanium_Sport_Band_Black_PDP_Image_Position_1__WWEN.png?v=1726044124,active
Apple Watch Series 10 | GPS + Cellular  46mm | Natural Titanium Case With Natural Milanese Loop|,MWYC3QA/A,https://cdn.shopify.com/s/files/1/0571/8340/4192/files/Apple_Watch_Series_10_42mm_LTE_Natural_Titanium_Milanese_Loop_Natural_PDP_Image_Position_1__WWEN.jpg?v=1726042789,active
Apple Watch Series 10 | GPS + Cellular  46mm | Natural Titanium Case With Stone Grey Sport Band | M/L,MWYA3QA/A,https://cdn.shopify.com/s/files/1/0571/8340/4192/files/Apple_Watch_Series_10_42mm_LTE_Natural_Titanium_Sport_Band_Stone_Gray_PDP_Image_Position_1__WWEN.jpg?v=1726042696,active
Apple Watch Series 10 | GPS + Cellular  46mm | Natural Titanium Case With Stone Grey Sport Band | S/M,MWY93QA/A,https://cdn.shopify.com/s/files/1/0571/8340/4192/files/Apple_Watch_Series_10_42mm_LTE_Natural_Titanium_Sport_Band_Stone_Gray_PDP_Image_Position_1__WWEN.jpg?v=1726042696,active
Apple Watch Series 10 | GPS + Cellular 46mm | Rose Gold Aluminium Case With Plum Sport Loop,MWY83QA/A,https://cdn.shopify.com/s/files/1/0571/8340/4192/files/Apple_Watch_Series_10_42mm_LTE_Rose_Gold_Aluminum_Sport_Loop_Plum_PDP_Image_Position_1__WWEN.jpg?v=1726042206,active
Apple Watch Series 10 | GPS + Cellular  46mm | Rose Gold Aluminium Case With Light Blush Sport Band | M/L,MWY73QA/A,https://cdn.shopify.com/s/files/1/0571/8340/4192/files/Apple_Watch_Series_10_42mm_LTE_Rose_Gold_Aluminum_Sport_Band_Light_Blush_PDP_Image_Position_1__WWEN.jpg?v=1726042119,active
Apple Watch Series 10 | GPS + Cellular  46mm | Rose Gold Aluminium Case With Light Blush Sport Band | S/M,MWY63QA/A,https://cdn.shopify.com/s/files/1/0571/8340/4192/files/Apple_Watch_Series_10_42mm_LTE_Rose_Gold_Aluminum_Sport_Band_Light_Blush_PDP_Image_Position_1__WWEN.jpg?v=1726042119,active
Apple Watch Series 10 | GPS + Cellular  46mm | Jet Black Aluminium Case With Ink Sport Loop,MWY53QA/A,https://cdn.shopify.com/s/files/1/0571/8340/4192/files/Apple_Watch_Series_10_42mm_LTE_Jet_Black_Aluminum_Sport_Loop_Ink_PDP_Image_Position_1__WWEN.jpg?v=1726041749,active
Apple Watch Series 10 | GPS + Cellular  46mm | Jet Black Aluminium Case With Black Sport Band | M/L,MWY43QA/A,https://cdn.shopify.com/s/files/1/0571/8340/4192/files/Apple_Watch_Series_10_42mm_LTE_Jet_Black_Aluminum_Sport_Band_Black_PDP_Image_Position_1__WWEN.jpg?v=1726041658,active
Apple Watch Series 10 | GPS + Cellular  46mm | Jet Black Aluminium Case With Black Sport Band | S/M,MWY33QA/A,https://cdn.shopify.com/s/files/1/0571/8340/4192/files/Apple_Watch_Series_10_42mm_LTE_Jet_Black_Aluminum_Sport_Band_Black_PDP_Image_Position_1__WWEN.jpg?v=1726041658,active
Apple Watch Series 10 | GPS + Cellular  46mm | Silver Aluminium Case With Blue Cloud Sport Loop,MWY23QA/A,https://cdn.shopify.com/s/files/1/0571/8340/4192/files/Apple_Watch_Series_10_42mm_LTE_Silver_Aluminum_Sport_Loop_Blue_Cloud_PDP_Image_Position_1__WWEN.jpg?v=1726041071,active
Apple Watch Series 10 | GPS + Cellular  46mm | Silver Aluminium Case With Denim Sport Band | M/L,MWY13QA/A,https://cdn.shopify.com/s/files/1/0571/8340/4192/files/Apple_Watch_Series_10_42mm_LTE_Silver_Aluminum_Sport_Band_Denim_PDP_Image_Position_1__WWEN.png?v=1726040975,active
Apple Watch Series 10 | GPS + Cellular  46mm | Silver Aluminium Case With Denim Sport Band | S/M,MWY03QA/A,https://cdn.shopify.com/s/files/1/0571/8340/4192/files/Apple_Watch_Series_10_42mm_LTE_Silver_Aluminum_Sport_Band_Denim_PDP_Image_Position_1__WWEN.png?v=1726040975,active
Apple Watch Series 10 | GPS + Cellular 42mm | Slate Titanium Case With Black Sport Band | M/L,MWXH3QA/A,https://cdn.shopify.com/s/files/1/0571/8340/4192/files/Apple_Watch_Series_10_42mm_LTE_Slate_Titanium_Sport_Band_Black_PDP_Image_Position_1__WWEN.png?v=1726044124,active
Apple Watch Series 10 | GPS + Cellular 42mm | Slate Titanium Case With Black Sport Band | S/M,MWXG3QA/A,https://cdn.shopify.com/s/files/1/0571/8340/4192/files/Apple_Watch_Series_10_42mm_LTE_Slate_Titanium_Sport_Band_Black_PDP_Image_Position_1__WWEN.png?v=1726044124,active
Apple Watch Series 10 | GPS + Cellular  42mm | Natural Titanium Case With Natural Milanese Loop|,MWXF3QA/A,https://cdn.shopify.com/s/files/1/0571/8340/4192/files/Apple_Watch_Series_10_42mm_LTE_Natural_Titanium_Milanese_Loop_Natural_PDP_Image_Position_1__WWEN.jpg?v=1726042789,active
Apple Watch Series 10 | GPS + Cellular  42mm | Natural Titanium Case With Stone Grey Sport Band | M/L,MWXE3QA/A,https://cdn.shopify.com/s/files/1/0571/8340/4192/files/Apple_Watch_Series_10_42mm_LTE_Natural_Titanium_Sport_Band_Stone_Gray_PDP_Image_Position_1__WWEN.jpg?v=1726042696,active
Apple Watch Series 10 | GPS + Cellular  42mm | Natural Titanium Case With Stone Grey Sport Band | S/M,MWXD3QA/A,https://cdn.shopify.com/s/files/1/0571/8340/4192/files/Apple_Watch_Series_10_42mm_LTE_Natural_Titanium_Sport_Band_Stone_Gray_PDP_Image_Position_1__WWEN.jpg?v=1726042696,active
Apple Watch Series 10 | GPS + Cellular  42mm | Rose Gold Aluminium Case With Plum Sport Loop,MWXC3QA/A,https://cdn.shopify.com/s/files/1/0571/8340/4192/files/Apple_Watch_Series_10_42mm_LTE_Rose_Gold_Aluminum_Sport_Loop_Plum_PDP_Image_Position_1__WWEN.jpg?v=1726042206,active
Apple Watch Series 10 | GPS + Cellular  42mm | Rose Gold Aluminium Case With Light Blush Sport Band | M/L,MWXA3QA/A,https://cdn.shopify.com/s/files/1/0571/8340/4192/files/Apple_Watch_Series_10_42mm_LTE_Rose_Gold_Aluminum_Sport_Band_Light_Blush_PDP_Image_Position_1__WWEN.jpg?v=1726042119,active
Apple Watch Series 10 | GPS + Cellular  42mm | Rose Gold Aluminium Case With Light Blush Sport Band | S/M,MWX93QA/A,https://cdn.shopify.com/s/files/1/0571/8340/4192/files/Apple_Watch_Series_10_42mm_LTE_Rose_Gold_Aluminum_Sport_Band_Light_Blush_PDP_Image_Position_1__WWEN.jpg?v=1726042119,active
Apple Watch Series 10 | GPS + Cellular  42mm | Jet Black Aluminium Case With Ink Sport Loop,MWX83QA/A,https://cdn.shopify.com/s/files/1/0571/8340/4192/files/Apple_Watch_Series_10_42mm_LTE_Jet_Black_Aluminum_Sport_Loop_Ink_PDP_Image_Position_1__WWEN.jpg?v=1726041749,active
Apple Watch Series 10 | GPS + Cellular  42mm | Jet Black Aluminium Case With Black Sport Band | M/L,MWX73QA/A,https://cdn.shopify.com/s/files/1/0571/8340/4192/files/Apple_Watch_Series_10_42mm_LTE_Jet_Black_Aluminum_Sport_Band_Black_PDP_Image_Position_1__WWEN.jpg?v=1726041658,active
Apple Watch Series 10 | GPS + Cellular  42mm | Jet Black Aluminium Case With Black Sport Band | S/M,MWX63QA/A,https://cdn.shopify.com/s/files/1/0571/8340/4192/files/Apple_Watch_Series_10_42mm_LTE_Jet_Black_Aluminum_Sport_Band_Black_PDP_Image_Position_1__WWEN.jpg?v=1726041658,active
Apple Watch Series 10 | GPS + Cellular  42mm | Silver Aluminium Case With Blue Cloud Sport Loop,MWX53QA/A,https://cdn.shopify.com/s/files/1/0571/8340/4192/files/Apple_Watch_Series_10_42mm_LTE_Silver_Aluminum_Sport_Loop_Blue_Cloud_PDP_Image_Position_1__WWEN.jpg?v=1726041071,active
Apple Watch Series 10 | GPS + Cellular  42mm | Silver Aluminium Case With Denim Sport Band | M/L,MWX43QA/A,https://cdn.shopify.com/s/files/1/0571/8340/4192/files/Apple_Watch_Series_10_42mm_LTE_Silver_Aluminum_Sport_Band_Denim_PDP_Image_Position_1__WWEN.png?v=1726040975,active
Apple Watch Series 10 | GPS + Cellular  42mm | Silver Aluminium Case With Denim Sport Band | S/M,MWX33QA/A,https://cdn.shopify.com/s/files/1/0571/8340/4192/files/Apple_Watch_Series_10_42mm_LTE_Silver_Aluminum_Sport_Band_Denim_PDP_Image_Position_1__WWEN.png?v=1726040975,active
Apple Watch Series 10 | GPS 46mm | Rose Gold Aluminium Case With Plum Sport Loop,MWWV3QA/A,https://cdn.shopify.com/s/files/1/0571/8340/4192/files/Apple_Watch_Series_10_42mm_GPS_Rose_Gold_Aluminum_Sport_Loop_Plum_PDP_Image_Position_1__WWEN.jpg?v=1726037931,active
Apple Watch Series 10 | GPS 46mm | Rose Gold Aluminium Case With Light Blush Sport Band | M/L,MWWU3QA/A,https://cdn.shopify.com/s/files/1/0571/8340/4192/files/Apple_Watch_Series_10_42mm_GPS_Rose_Gold_Aluminum_Sport_Band_Light_Blush_PDP_Image_Position_1__WWEN.jpg?v=1726037849,active
Apple Watch Series 10 | GPS 46mm | Rose Gold Aluminium Case With Light Blush Sport Band | S/M,MWWT3QA/A,https://cdn.shopify.com/s/files/1/0571/8340/4192/files/Apple_Watch_Series_10_42mm_GPS_Rose_Gold_Aluminum_Sport_Band_Light_Blush_PDP_Image_Position_1__WWEN.jpg?v=1726037849,active
Apple Watch Series 10 | GPS 46mm | Jet Black Aluminium Case With Ink Sport Loop,MWWR3QA/A,https://cdn.shopify.com/s/files/1/0571/8340/4192/files/Apple_Watch_Series_10_42mm_GPS_Jet_Black_Aluminum_Sport_Loop_Ink_PDP_Image_Position_1__WWEN.jpg?v=1726037710,active
Apple Watch Series 10 | GPS 46mm | Jet Black Aluminium Case With Black Sport Band |S/M,MWWP3QA/A,https://cdn.shopify.com/s/files/1/0571/8340/4192/files/Apple_Watch_Series_10_46mm_GPS_Jet_Black_Aluminum_Sport_Band_Black_PDP_Image_Position_1__WWEN.jpg?v=1726038660,active
Apple Watch Series 10 | GPS 46mm | Silver Aluminium Case With Blue Cloud Sport Loop,MWWN3QA/A,https://cdn.shopify.com/s/files/1/0571/8340/4192/files/Apple_Watch_Series_10_42mm_GPS_Silver_Aluminum_Sport_Loop_Blue_Cloud_PDP_Image_Position_1__WWEN.png?v=1726037471,active
Apple Watch Series 10 | GPS 46mm | Silver Aluminium Case With Denim Sport Band | M/L,MWWM3QA/A,https://cdn.shopify.com/s/files/1/0571/8340/4192/files/Apple_Watch_Series_10_42mm_GPS_Silver_Aluminum_Sport_Band_Denim_PDP_Image_Position_1__WWEN.png?v=1726037343,active
Apple Watch Series 10 | GPS 46mm | Silver Aluminium Case With Denim Sport Band | S/M,MWWL3QA/A,https://cdn.shopify.com/s/files/1/0571/8340/4192/files/Apple_Watch_Series_10_46mm_GPS_Silver_Aluminum_Sport_Band_Denim_PDP_Image_Position_1__WWEN.jpg?v=1726038082,active
Apple Watch Series 10 | GPS 42mm | Rose Gold Aluminium Case With Plum Sport Loop,MWWK3QA/A,https://cdn.shopify.com/s/files/1/0571/8340/4192/files/Apple_Watch_Series_10_42mm_GPS_Rose_Gold_Aluminum_Sport_Loop_Plum_PDP_Image_Position_1__WWEN.jpg?v=1726037931,active
Apple Watch Series 10 | GPS 42mm | Rose Gold Aluminium Case With Light Blush Sport Band | M/L,MWWJ3QA/A,https://cdn.shopify.com/s/files/1/0571/8340/4192/files/Apple_Watch_Series_10_42mm_GPS_Rose_Gold_Aluminum_Sport_Band_Light_Blush_PDP_Image_Position_1__WWEN.jpg?v=1726037849,active
Apple Watch Series 10 | GPS 42mm | Rose Gold Aluminium Case With Light Blush Sport Band | S/M,MWWH3QA/A,https://cdn.shopify.com/s/files/1/0571/8340/4192/files/Apple_Watch_Series_10_42mm_GPS_Rose_Gold_Aluminum_Sport_Band_Light_Blush_PDP_Image_Position_1__WWEN.jpg?v=1726037849,active
Apple Watch Series 10 | GPS 42mm | Jet Black Aluminium Case With Ink Sports Loop,MWWG3QA/A,https://cdn.shopify.com/s/files/1/0571/8340/4192/files/Apple_Watch_Series_10_42mm_GPS_Jet_Black_Aluminum_Sport_Loop_Ink_PDP_Image_Position_1__WWEN.jpg?v=1726037710,active
Apple Watch Series 10 | GPS 42mm | Jet Black Aluminium Case With Black Sports Band | M/L,MWWF3QA/A,https://cdn.shopify.com/s/files/1/0571/8340/4192/files/Apple_Watch_Series_10_42mm_GPS_Jet_Black_Aluminum_Sport_Band_Black_PDP_Image_Position_1__WWEN_2136c92c-4544-4bca-a24a-6568801bf519.png?v=1726037647,active
Apple Watch Series 10 | GPS 42mm | Silver Aluminium Case With Blue Cloud Sport Loop,MWWD3QA/A,https://cdn.shopify.com/s/files/1/0571/8340/4192/files/Apple_Watch_Series_10_42mm_GPS_Silver_Aluminum_Sport_Loop_Blue_Cloud_PDP_Image_Position_1__WWEN.png?v=1726037471,active
Apple Watch Series 10 | GPS 42mm | Silver Aluminium Case With Denim Sport Band | M/L,MWWC3QA/A,https://cdn.shopify.com/s/files/1/0571/8340/4192/files/Apple_Watch_Series_10_42mm_GPS_Silver_Aluminum_Sport_Band_Denim_PDP_Image_Position_1__WWEN.png?v=1726037343,active
Apple Watch Series 10 | GPS 42mm | Silver Aluminium Case With Denim Sport Band | S/M,MWWA3QA/A,https://cdn.shopify.com/s/files/1/0571/8340/4192/files/Apple_Watch_Series_10_42mm_GPS_Silver_Aluminum_Sport_Band_Denim_PDP_Image_Position_1__WWEN.png?v=1726037343,active
Apple Watch Series 10 | GPS + Cellular 46mm | Gold Titanium Case With Gold Milanese Loop | S/M,MC7T4QA/A,https://cdn.shopify.com/s/files/1/0571/8340/4192/files/Apple_Watch_Series_10_46mm_LTE_Gold_Titanium_Milanese_Loop_Gold_PDP_Image_Position_1__WWEN.jpg?v=1726045207,active
Apple Watch Series 10 | GPS + Cellular 46mm | Slate Titanium Case With Slate Milanese Loop | S/M,MC7R4QA/A,https://cdn.shopify.com/s/files/1/0571/8340/4192/files/Apple_Watch_Series_10_46mm_LTE_Slate_Titanium_Milanese_Loop_Slate_PDP_Image_Position_1__WWEN.jpg?v=1726044369,active
Apple Watch Series 10 | GPS + Cellular 46mm | Natural Titanium Case with Natural Milanese Loop | S/M,MC7Q4QA/A,https://cdn.shopify.com/s/files/1/0571/8340/4192/files/Apple_Watch_Series_10_42mm_LTE_Natural_Titanium_Milanese_Loop_Natural_PDP_Image_Position_1__WWEN_9e727959-f079-40bc-bfe9-b478e824e456.jpg?v=1726045668,active
Moov iPad Air 13-inch (M2)/Pro 12.9-inch Aspect Tri-Fold Case with Pencil Holder - Black,MO-5129A2441-KCL,https://cdn.shopify.com/s/files/1/0571/8340/4192/files/12.9air_pu.webp?v=1724759957,active
Moov iPad Air 11-inch (M2) & iPad Air 10.9-inch (5th Gen) Scribe Paper Screen Protector,MO-1092424-SPP,https://cdn.shopify.com/s/files/1/0571/8340/4192/files/qds179-ipadpro11-tg-l_1.2s-1_1_2.webp?v=1724758946,active
Moov 3-in-1 Foldable Wireless Charger - Black,MO-31MS112-K,https://cdn.shopify.com/s/files/1/0571/8340/4192/files/3in1_wireless_charger_black_1.webp?v=1724752613,active
Moov 100W Dual Port Power Adapter - Type C + USB-A,MO-0EU100G-W,https://cdn.shopify.com/s/files/1/0571/8340/4192/files/0858f086-2057-4c45-a0ce-fcdb45151d76-0_1.webp?v=1723553172,active
Lightning to USB 3 Camera Adapter,MX5J3ZM/A,https://cdn.shopify.com/s/files/1/0571/8340/4192/products/cable7.png?v=1654508236,active
Earpods (3.5mm Headphone Plug),MWU53ZM/A,https://cdn.shopify.com/s/files/1/0571/8340/4192/files/MD827.jpg?v=1722234588,active
Earpods with Lightning Connector,MWTY3ZM/A,https://cdn.shopify.com/s/files/1/0571/8340/4192/products/epla.png?v=1640780945,active
USB-C to Apple Pencil Adapter,MWML3ZM/A,https://cdn.shopify.com/s/files/1/0571/8340/4192/files/MWML3.jpg?v=1722234208,active
USB-C to SD Card Reader,MW653ZM/A,https://cdn.shopify.com/s/files/1/0571/8340/4192/products/sdcard1.png?v=1654509130,active
USB-C Digital AV Multiport Adapter,MW5M3ZM/A,https://cdn.shopify.com/s/files/1/0571/8340/4192/files/MUF82.jpg?v=1722235812,active
USB-C to Lightning Cable (2m),MW2R3ZM/A,https://cdn.shopify.com/s/files/1/0571/8340/4192/products/c-charge1_c224bebd-dfab-4d00-a547-de412d6f8d07.png?v=1681885696,active
USB-C to 3.5mm Headphone Jack Adapter,MW2Q3ZM/A,https://cdn.shopify.com/s/files/1/0571/8340/4192/products/35mmadapt.png?v=1640849766,active
Lightning Digital AV Adaptor,MW2P3ZM/A,https://cdn.shopify.com/s/files/1/0571/8340/4192/products/md826zmas.webp?v=1652428323,active
HomePod mini - Midnight,MTJT3SO/A,https://cdn.shopify.com/s/files/1/0571/8340/4192/products/HomePod_mini_Space_Gray_Pure_Front_Siri_Screen__USEN.png?v=1671029388,active
140W USB-C Power Adapter,MW2M3ZM/A,https://cdn.shopify.com/s/files/1/0571/8340/4192/files/mlyu3-photoroom.png-photoroom.webp?v=1721633440,active
DJI Ronin RS 4,CP.RN.00000343.01,https://cdn.shopify.com/s/files/1/0571/8340/4192/files/hg714-__1.webp?v=1720683947,active
DJI Avata 2 Fly More Combo - (3 Batteries),CP.FP.00000151.01,https://cdn.shopify.com/s/files/1/0571/8340/4192/files/dji_avata_2_fmc-photoroom.png-photoroom.webp?v=1720683801,active
"iPad Air Smart Folio 11"" - Charcoal Grey",MWK53ZM/A,https://cdn.shopify.com/s/files/1/0571/8340/4192/files/mwk93-photoroom.png-photoroom.webp?v=1720684111,active
Apple Watch Magnetic Fast Charger USB-C - 1M,MT0H3ZE/A,https://cdn.shopify.com/s/files/1/0571/8340/4192/files/mt0h3_1.webp?v=1720596346,active
"iPad Pro 13"" Smart Folio Black",MWK33ZM/A,https://cdn.shopify.com/s/files/1/0571/8340/4192/files/iPad_Pro_13-inch_M4_Black_Smart_Folio_1-1000x1000.jpg?v=1720096718,active
DJI - Ronin RS 4 Pro Combo,CP.RN.00000346.01,https://cdn.shopify.com/s/files/1/0571/8340/4192/files/rs_4_pro_combo.webp?v=1719913789,active
Apple iPad Pro Smart Folio - iPad Pro 11-inch M4 - Black,MW983ZM/A,https://cdn.shopify.com/s/files/1/0571/8340/4192/files/mw983-photoroom.png-photoroom.webp?v=1719556806,active
IPHONE XR WHITE 64GB,SUNMRY52PLG-A,https://cdn.shopify.com/s/files/1/0571/8340/4192/files/190611160008482128.webp?v=1718804425,active
Moov Glass Screen Protector for iPad Pro 11 / Air 10.9,MO-11P21-SP,https://cdn.shopify.com/s/files/1/0571/8340/4192/files/og_gla_4.webp?v=1718186916,active
96W USB-C Power Adapter,MW2L3ZM/A,https://cdn.shopify.com/s/files/1/0571/8340/4192/files/mx0j2zma-photoroom.png-photoroom.webp?v=1716281021,active
Osmo Action 4 Adventure Combo,CP.OS.00000270.01,https://cdn.shopify.com/s/files/1/0571/8340/4192/files/osmo_action_4_adventure_combo02.webp?v=1715580182,active
Apple Pencil Pro,MX2D3ZM/A,https://cdn.shopify.com/s/files/1/0571/8340/4192/files/Apple_Pencil_Pro_PDP_Image_Position-2__WWEN.png?v=1715335590,active
Magic Keyboard for iPad Pro 13-inch (M4) - International English Black,MWR53Z/A,https://cdn.shopify.com/s/files/1/0571/8340/4192/files/Magic_Keyboard_13_Pro_Space_Black_PDP_Image_Position-1__WWEN.png?v=1715336335,active
Magic Keyboard for iPad Pro 13-inch (M4) - International English White,MWR43Z/A,https://cdn.shopify.com/s/files/1/0571/8340/4192/files/Magic_Keyboard_13_Pro_Silver_PDP_Image_Position-1__WWEN.png?v=1715336323,active
Magic Keyboard for iPad Pro 11-inch (M4) - International English Black,MWR23Z/A,https://cdn.shopify.com/s/files/1/0571/8340/4192/files/Magic_Keyboard_11_Pro_Space_Black_PDP_Image_Position-1__WWEN.png?v=1715336289,active
Magic Keyboard for iPad Pro 11-inch (M4) - International English White,MWR03Z/A,https://cdn.shopify.com/s/files/1/0571/8340/4192/files/Magic_Keyboard_11_Pro_Silver_PDP_Image_Position-1__WWEN.jpg?v=1715336238,active
iPad Pro|M4 - 11-inch Wi-Fi 1TB Space Black - Standard Glass,MVVE3QA/A,https://cdn.shopify.com/s/files/1/0571/8340/4192/files/iPad_Pro_11_M4_WiFi_Space_Black_PDP_Image_Position_1b__WWEN_186ad6bf-adb0-4ac1-b1e7-69c8f3a3fe6e.png?v=1715243328,active
iPad Pro|M4 -  11-inch Wi-Fi 512GB Space Black - Standard Glass,MVVC3QA/A,https://cdn.shopify.com/s/files/1/0571/8340/4192/files/iPad_Pro_11_M4_WiFi_Space_Black_PDP_Image_Position_1b__WWEN_d1ad5450-85d5-47ab-95b8-95f5cb584b6e.png?v=1715243022,active
iPad Air 13-inch Wi-Fi + Cellular 1TB Starlight,MV763QA/A,https://cdn.shopify.com/s/files/1/0571/8340/4192/files/iPad_Air_13_M2_Cellular_Starlight_PDP_Image_Position_1b__WWEN_b211dc62-9488-4eb4-9f63-354a3c22f561.png?v=1715259326,active
iPad Air 13-inch Wi-Fi  + Cellular 1TB Blue,MV753QA/A,https://cdn.shopify.com/s/files/1/0571/8340/4192/files/iPad_Air_13_M2_Cellular_Blue_PDP_Image_Position_1b__WWEN_857b0fb5-bf93-4ddd-a6d3-0e909fdfc0af.png?v=1715258191,active
iPad Air 13-inch Wi-Fi + Cellular 1TB Space Grey,MV743QA/A,https://cdn.shopify.com/s/files/1/0571/8340/4192/files/iPad_Air_13_M2_Cellular_Space_Gray_PDP_Image_Position_1b__WWEN_d31692cc-a99a-4d78-8618-ce67e0044c22.png?v=1715257849,active
iPad Air|M2 - 13-inch Wi-Fi + Cellular 128GB Starlight,MV6T3QA/A,https://cdn.shopify.com/s/files/1/0571/8340/4192/files/iPad_Air_13_M2_Cellular_Starlight_PDP_Image_Position_1b__WWEN.png?v=1715259313,active
iPad Air 13-inch Wi-Fi 1TB Starlight,MV2R3QA/A,https://cdn.shopify.com/s/files/1/0571/8340/4192/files/iPad_Air_13_M2_WiFi_Starlight_PDP_Image_Position_1b__WWEN_60746062-3082-4165-b705-c20115e030b5.png?v=1715259303,active
iPad Air 13-inch Wi-Fi 1TB Blue,MV2Q3QA/A,https://cdn.shopify.com/s/files/1/0571/8340/4192/files/iPad_Air_13_M2_WiFi_Blue_PDP_Image_Position_1b__WWEN_4ef82ac4-8767-458f-ba93-4d138a1208b8.png?v=1715314509,active
iPad Air 13-inch Wi-Fi 512GB Starlight,MV2L3QA/A,https://cdn.shopify.com/s/files/1/0571/8340/4192/files/iPad_Air_13_M2_WiFi_Starlight_PDP_Image_Position_1b__WWEN_8e90f0b6-8e80-49be-a2a0-a137ac6af0b2.png?v=1715259299,active
iPad Air 11-inch Wi-Fi + Cellular 1TB Starlight,MUXU3QA/A,https://cdn.shopify.com/s/files/1/0571/8340/4192/files/iPad_Air_11_M2_Cellular_Starlight_PDP_Image_Position_1b__WWEN_b8a1030a-b8f5-4b32-92fc-c74d60013018.png?v=1715256797,active
iPad Air|M2 - 11-inch Wi-Fi 1TB Blue,MUWR3QA/A,https://cdn.shopify.com/s/files/1/0571/8340/4192/files/iPad_Air_11_M2_WiFi_Blue_PDP_Image_Position_1b__WWEN_8fbd81c3-59e4-41f1-9c0d-9ba1885a9bd6.png?v=1715255182,active
iPad Air|M2 - 11-inch Wi-Fi 1TB Space Grey,MUWQ3QA/A,https://cdn.shopify.com/s/files/1/0571/8340/4192/files/iPad_Air_11_M2_WiFi_Space_Gray_PDP_Image_Position_1b__WWEN_c8a1bbb2-52e9-4960-bb90-6f8e6b6b645a.png?v=1715254310,active
iPad Air|M2 - 11-inch Wi-Fi 512GB Starlight,MUWN3QA/A,https://cdn.shopify.com/s/files/1/0571/8340/4192/files/iPad_Air_11_M2_WiFi_Starlight_PDP_Image_Position_1b__WWEN_66005bea-a6d4-41a6-991b-75c9d419e422.png?v=1715255214,active
iPad Air|M2 - 11-inch Wi-Fi 512GB Blue,MUWM3QA/A,https://cdn.shopify.com/s/files/1/0571/8340/4192/files/iPad_Air_11_M2_WiFi_Blue_PDP_Image_Position_1b__WWEN_9789bb0b-ecc5-48b6-af41-5eaaae36fa75.png?v=1715255176,active
35W Dual USB-C Power Adapter,MW2K3ZM/A,https://cdn.shopify.com/s/files/1/0571/8340/4192/files/35w_dual_usb-c_port_power_adapter_34br_screen__euen_1.webp?v=1714643387,active
30W USB-C Power Adapter,MW2G3ZM/A,https://cdn.shopify.com/s/files/1/0571/8340/4192/files/my1w2.webp?v=1714643323,active
Lightning to USB Cable (1m),MUQW3ZM/A,https://cdn.shopify.com/s/files/1/0571/8340/4192/files/MD818_1.jpg?v=1714643217,active
USB-C to Lightning Cable (1m),MUQ93ZM/A,https://cdn.shopify.com/s/files/1/0571/8340/4192/files/MM0A3.jpg?v=1714642811,active
DJI Osmo Pocket 3 Standard Combo,CP.OS.00000301.01,https://cdn.shopify.com/s/files/1/0571/8340/4192/files/osmo_pocket_3.2.webp?v=1710483059,active
reloved iPhone 8 128GB Space Grey - Certified Pre-owned,SUNMX162PLG-A,https://cdn.shopify.com/s/files/1/0571/8340/4192/files/iphone-8-space-gray-_1_2abc4b7e-7057-4998-beee-ee65398e3ffd.webp?v=1709724412,active
reloved iPhone XR 128GB BLACK - Certified Pre-owned,SUNMRY92PLG-A,https://cdn.shopify.com/s/files/1/0571/8340/4192/files/Apple-iPhone-XR-Black-Apple-iPhone-XR-128GB-Black-CPO_png.webp?v=1709724619,active
reloved iPhone XR 64GB BLACK - Certified Pre-owned,SUNMRY42PLG-A,https://cdn.shopify.com/s/files/1/0571/8340/4192/files/Apple-iPhone-XR-Black-Apple-iPhone-XR-128GB-Black-CPO_png_5487c76a-f1c1-4775-ad9f-6eb82def85e1.webp?v=1709724684,active
reloved iPhone 8 256GB Space Grey - Certified Pre-owned,SUNMQ7C2PLG,https://cdn.shopify.com/s/files/1/0571/8340/4192/files/iphone-8-space-gray-_1.webp?v=1709724242,active
DJI mini 3 Fly More Combo (DJ RC) (GL),CP.MA.00000613.01,https://cdn.shopify.com/s/files/1/0571/8340/4192/files/dji_mini_3__3.webp?v=1706606797,active
DJI Mini 4 Pro Fly More Combo Plus (DJI RC 2) (GL),CP.MA.00000740.01,https://cdn.shopify.com/s/files/1/0571/8340/4192/files/DJIMini4Pro_d5e32381-139c-49df-ae24-cb91d8aae691.png?v=1705661720,active
IPhone 12 128GB - Black,SUNMGJA3PLG,https://cdn.shopify.com/s/files/1/0571/8340/4192/files/12blk_577e21e9-e4eb-4c82-ae37-1c085cf1beda.png?v=1702280529,active
Apple Pencil (USB-C),MUWA3ZM/A,https://cdn.shopify.com/s/files/1/0571/8340/4192/files/muwa3.webp?v=1700484003,active
Apple Watch SE GPS - 44mm  Starlight Aluminium Case with Starlight Sport Band - M/L,MRE53QR/A,https://cdn.shopify.com/s/files/1/0571/8340/4192/files/Apple_Watch_SE_GPS_40mm_Starlight_Aluminum_Starlight_Sport_Band_PDP_Image_2023_Position-1__WWEN_a3c6a984-d215-49ba-ae4b-afd52ae83c29.png?v=1698384066,active
USB-C to Lightning Adapter,MUQX3ZM/A,https://cdn.shopify.com/s/files/1/0571/8340/4192/files/USB-C_to_Lightning_Adapter_Pure_Front_Print__USEN.png?v=1695815492,active
iPhone 15 256GB - Green,MTPA3HX/A,https://cdn.shopify.com/s/files/1/0571/8340/4192/files/iPhone_15_Green_PDP_Image_Position-1__WWEN_8f246aec-5619-4749-9ce3-80654ebaade4.png?v=1695285149,active
iPhone 15 256GB - Blue,MTP93HX/A,https://cdn.shopify.com/s/files/1/0571/8340/4192/files/iPhone_15_Blue_PDP_Image_Position-1__WWEN_ddfc6f5a-7052-4ae5-9b0e-2e9b1d31b04c.png?v=1695285158,active
iPhone 15 256GB - Pink,MTP73HX/A,https://cdn.shopify.com/s/files/1/0571/8340/4192/files/iPhone_15_Pink_PDP_Image_Position-1__WWEN_0a8dfb37-f3c6-4dcd-a094-5505b05d34b6.png?v=1695285181,active
iPhone 15 256GB - Black,MTP63HX/A,https://cdn.shopify.com/s/files/1/0571/8340/4192/files/iPhone_15_Black_PDP_Image_Position-1__WWEN_0e61c052-0a4a-4ab0-92dd-1f0dbbaa207b.png?v=1695285194,active
iPhone 15 128GB - Blue,MTP43HX/A,https://cdn.shopify.com/s/files/1/0571/8340/4192/files/iPhone_15_Blue_PDP_Image_Position-1__WWEN.png?v=1695284569,active
iPhone 15 128GB - Pink,MTP13HX/A,https://cdn.shopify.com/s/files/1/0571/8340/4192/files/iPhone_15_Pink_PDP_Image_Position-1__WWEN.png?v=1695284444,active
iPhone 15 128GB - Black,MTP03HX/A,https://cdn.shopify.com/s/files/1/0571/8340/4192/files/iPhone_15_Black_PDP_Image_Position-1__WWEN.png?v=1695284146,active
Moov Clear glass for iPhone 14,MO-1421-SP,https://cdn.shopify.com/s/files/1/0571/8340/4192/products/clearglass.png?v=1680529101,active
Moov MacBook Air 13-inch M2 Matte Hardshell Case - Clear,MO-A13M257-CM,https://cdn.shopify.com/s/files/1/0571/8340/4192/products/m2.png?v=1680523111,active
HomePod mini - White,MY5H2SO/A,https://cdn.shopify.com/s/files/1/0571/8340/4192/products/HomePod_mini_White_Pure_Front_Siri_Screen__USEN.png?v=1671029371,active
HomePod mini - Space Grey,MY5G2SO/A,https://cdn.shopify.com/s/files/1/0571/8340/4192/products/HomePod_mini_Space_Gray_Pure_Front_Siri_Screen__USEN.png?v=1671029388,active
HomePod mini - Yellow,MJ2E3SO/A,https://cdn.shopify.com/s/files/1/0571/8340/4192/products/2bacffac14144e238adc350d42c0a31cbzn4CwX2HyyyxGhK-0.png?v=1671029407,active
HomePod mini - Orange,MJ2D3SO/A,https://cdn.shopify.com/s/files/1/0571/8340/4192/files/849f27bd3cd949d6a696d2c61ce2d0b309GZ7AFSpSKaVAhn-0.png?v=1713359534,active
HomePod mini - Blue,MJ2C3SO/A,https://cdn.shopify.com/s/files/1/0571/8340/4192/products/b9fcf97948d24029c88421d9ede968afEsuXkqt0AEmw2PVT-0_976x1000_7e09a6ec-3d60-4f27-a5f8-fc761907619e.png?v=1671027581,active
Magic Keyboard Folio for iPad (10th gen) - International English,MQDP3Z/A,https://cdn.shopify.com/s/files/1/0571/8340/4192/products/Magic_Keyboard_Folio_Position1.png?v=1666960399,active
Apple TV 4K Wi-Fi + Ethernet - 128GB,MN893Z/A,https://cdn.shopify.com/s/files/1/0571/8340/4192/products/AppleTV_4k_WiFi_Ethernet_Position1.png?v=1667225313,active
Apple TV 4K Wi-Fi with 64GB,MN873Z/A,https://cdn.shopify.com/s/files/1/0571/8340/4192/products/AppleTV_4k_WiFi_Position1.png?v=1667225199,active
"Extended Warranty: iPad Pro 12.9” & iPad Pro 13""",N6115,https://cdn.shopify.com/s/files/1/0571/8340/4192/files/ARP073_CoreExtendedWarranty_iPadFrame5.png?v=1776080284,active
Extended Warranty: iPad Pro 11”,N6114,https://cdn.shopify.com/s/files/1/0571/8340/4192/files/ARP073_CoreExtendedWarranty_iPadFrame4.png?v=1776080300,active
Extended Warranty: iPad Air,N6113,https://cdn.shopify.com/s/files/1/0571/8340/4192/files/ARP073_CoreExtendedWarranty_iPadFrame3.png?v=1776080316,active
Extended Warranty: iPad mini,N6112,https://cdn.shopify.com/s/files/1/0571/8340/4192/files/ARP073_CoreExtendedWarranty_iPadFrame2.png?v=1776080332,active
"Extended Warranty: iPad 9th gen, iPad 10th gen & iPad A16",N6111,https://cdn.shopify.com/s/files/1/0571/8340/4192/files/ARP073_CoreExtendedWarranty_iPadFrame1.png?v=1776080351,active
Extended Warranty: Mac Studio,N5115,https://cdn.shopify.com/s/files/1/0571/8340/4192/files/ARP073_CoreExtendedWarranty_Mac_Frame5.png?v=1776079953,active
Extended Warranty: Mac mini,N5114,https://cdn.shopify.com/s/files/1/0571/8340/4192/files/ARP073_CoreExtendedWarranty_Mac_Frame4.png?v=1776079953,active
Extended Warranty: iMac,N5113,https://cdn.shopify.com/s/files/1/0571/8340/4192/files/ARP073_CoreExtendedWarranty_Mac_Frame3.png?v=1776079894,active
Extended Warranty: MacBook Pro 13” | 14” | 16”,N5112,https://cdn.shopify.com/s/files/1/0571/8340/4192/files/ARP073_CoreExtendedWarranty_Mac_Frame2.png?v=1776079953,active
"Extended Warranty: MacBook Air 13” & 15""",N5111,https://cdn.shopify.com/s/files/1/0571/8340/4192/files/ARP073_CoreExtendedWarranty_Mac_Frame1.png?v=1776080002,active
Extended Warranty: iPhone SE,N4278,https://cdn.shopify.com/s/files/1/0571/8340/4192/files/ARP073_CoreExtendedWarranty_iPhone_Frame5.png?v=1776080227,active
"Extended Warranty: iPhone 14 Plus, 15 Plus, 16 Plus, iPhone Air & iPhone 14 Pro Max, 15 Pro Max, 16 Pro Max, 17 Pro Max",N4277,https://cdn.shopify.com/s/files/1/0571/8340/4192/files/ARP073_CoreExtendedWarranty_iPhone_Frame4.png?v=1776080227,active
"Extended Warranty: iPhone 14 Pro, 15 Pro, 16 Pro & 17 Pro",N4276,https://cdn.shopify.com/s/files/1/0571/8340/4192/files/ARP073_CoreExtendedWarranty_iPhone_Frame3.png?v=1776080226,active
"Extended Warranty: iPhone 12, 13, 14, 15, 16 ,16e & 17",N4275,https://cdn.shopify.com/s/files/1/0571/8340/4192/files/ARP073_CoreExtendedWarranty_iPhone_Frame2.png?v=1776080227,active
Extended Warranty: iPhone 11,N4274,https://cdn.shopify.com/s/files/1/0571/8340/4192/files/ARP073_CoreExtendedWarranty_iPhone_Frame1.png?v=1776080227,active
Lightning to USB Camera Adapter,MD821ZM/A,https://cdn.shopify.com/s/files/1/0571/8340/4192/products/MD821.jpg?v=1654589831,active
Smart Keyboard Folio for 12.9-inch iPad Pro (4th Gen) - International English,MXNL2Z/A,https://cdn.shopify.com/s/files/1/0571/8340/4192/products/sk.png?v=1653553599,active
Apple Smart Keyboard for iPad 8th/9th gen - International English,MX3L2Z/A,https://cdn.shopify.com/s/files/1/0571/8340/4192/products/skmini1.png?v=1653462055,active